"target","side","ap","prop","Region"
"Ig","L",171.5592,0.324952884011333,"IDD5"
"Ig","L",170.882,0.191446535015116,"IDD5"
"Ig","L",171.054,0.619163952225841,"IDD5"
"Ig","L",172.3152,0.450634539050707,"IDD5"
"Ig","L",170.44,0.489911252511721,"IDD5"
"Ig","L",170.526,1,"IDD5"
"Ig","L",170.224,0.425932856768592,"IDD5"
"Ig","L",171.226,0.165043180765256,"IDD5"
"Ig","L",172.178,0.121036603319621,"IDD5"
"Ig","L",173.0272,0.21937117208747,"IDD5"
"Ig","L",173.1072,0.132357764939786,"IDD5"
"Ig","L",173.23,0.133423519612721,"IDD5"
"Ig","L",173.554,0.575364981146669,"IDD5"
"Ig","L",171.772,0.139839762646212,"IDD5"
"Ig","L",171.3608,1,"IDD5"
"Ig","L",170.5688,1,"IDD5"
"Ig","L",171.9712,1,"IDD5"
"Ig","L",173.376,0.341133127551528,"IDD5"
"Ig","L",173.088,0.869006849315068,"IDD5"
"Ig","L",170.724,1,"IDD5"
"Ig","L",170.552,1,"IDD5"
"Ig","L",171.866,1,"IDD5"
"Ig","L",173.268,0.0672907834538516,"IDD5"
"Ig","L",173.7648,0.136110401537545,"IDD5"
"Ig","L",173.9288,0.265757661837578,"IDD5"
"Ig","L",173.696,0.21500852417176,"IDD5"
"Ig","L",173.4008,0.0899812122746472,"IDD5"
"Ig","L",173.8992,0.259306358381503,"IDD5"
"Ig","L",171.9312,0.390754160849234,"IDD5"
"Ig","L",171.47,0.422329988602588,"IDD5"
"Ig","L",171.0112,0.143216722267304,"IDD5"
"Ig","L",171.564,0.176298140636922,"IDD5"
"Ig","L",171.0688,0,"IDM"
"Ig","L",171.8832,0.199620681406554,"IDM"
"Ig","L",170.6888,0,"IDM"
"Ig","L",170.826,0,"IDM"
"Ig","L",171.1808,0,"IDM"
"Ig","L",171.126,0,"IDM"
"Ig","L",173.104,0.312626855519107,"IDM"
"Ig","L",171.88,0.212760554927172,"IDM"
"Ig","L",172.07,0.127011632571199,"IDM"
"Ig","L",173.2648,0,"IDM"
"Ig","L",173.0568,0,"IDM"
"Ig","L",174.0688,0,"IDM"
"Ig","L",173.468,0,"IDM"
"Ig","L",175.0128,0.0581313559777064,"IDM"
"Ig","L",172.5768,0.310363728048059,"IDM"
"Ig","L",172.8072,0.255604467269911,"IDM"
"Ig","L",172.488,0,"IDM"
"Ig","L",173.9408,0,"IDV"
"Ig","L",173.518,0.119425543653165,"IDV"
"Ig","L",171.212,0,"IDV"
"Ig","L",171.5368,0,"IDM"
"Ig","L",169.778,0,"IDM"
"Ig","L",169.8048,0,"IDM"
"Ig","L",172.1768,0,"IDM"
"Ig","L",172.7768,0,"IDM"
"Ig","L",171.3688,0,"IDM"
"Ig","L",172.6608,0,"IDM"
"Ig","L",173.452,0,"IDM"
"Ig","L",174.5272,0.156685268158993,"IDM"
"Ig","L",172.8328,0,"IDM"
"Ig","L",170.464,0,"IDM"
"Ig","L",169.934,0,"IDM"
"Ig","L",170.114,0,"IDM"
"Ig","L",171.028,0.135952182038981,"IDM"
"Ig","L",173.736,0,"IDM"
"Ig","L",173.158,0,"IDM"
"Ig","L",171.17,0,"IDM"
"Ig","L",170.27,0,"IDM"
"Ig","L",171.472,0,"IDM"
"Ig","L",171.146,0,"IDM"
"Ig","L",173.256,0,"IDM"
"Ig","L",168.864,0,"IDM"
"Ig","L",168.9352,0.284554455445545,"IDM"
"Ig","L",168.4768,0.449541564792176,"IDM"
"Ig","L",169.354,0.412383042624466,"IDD5"
"Ig","L",170.696,0,"IDM"
"Ig","L",171.832,0,"IDM"
"Ig","L",171.0672,0.250241797485306,"IDM"
"Ig","L",211.3912,0,"IAL"
"Ig","L",210.4168,0,"IAL"
"Ig","L",210.1168,0,"IAPM"
"Ig","L",211.9072,0,"IAPM"
"Ig","L",210.6632,0,"IAPM"
"Ig","L",211.118,0,"IAPM"
"Ig","L",212.0196,0.0240310144601459,"IAPM"
"Ig","L",213.6916,0,"IAPM"
"Ig","L",213.7356,0,"IAPM"
"Ig","L",214.7564,0,"IAPM"
"Ig","L",213.5468,0,"IAPM"
"Ig","L",213.5636,0,"IAPM"
"Ig","L",213.0968,0,"IAPM"
"Ig","L",212.2664,0,"IAL"
"Ig","L",211.8712,0,"IAL"
"Ig","L",211.8992,0,"IAL"
"Ig","L",211.3288,0,"IAL"
"Ig","L",211.884,0,"IAL"
"Ig","L",212.5584,0,"IAPM"
"Ig","L",212.4096,0,"IAPM"
"Ig","L",211.998,0,"IAPM"
"Ig","L",210.7472,0,"IAPM"
"Ig","L",211.5472,0,"IAPM"
"Ig","L",162.881,0.490768659832073,"IDD5"
"Ig","L",205.632,0,"IAL"
"Ig","L",205.908,0,"IAL"
"Ig","L",203.608,0,"IAL"
"Ig","L",190.706,0,"IDM"
"Ig","L",188.714,0.0462834669913647,"IDM"
"Ig","L",187.365,0,"IDM"
"Ig","L",209.919,0,"IAL"
"Ig","L",209.287,0,"IAL"
"Ig","L",206.676,0,"IAL"
"Ig","L",205.484,0,"IAL"
"Ig","L",206.506,0,"IAL"
"Ig","L",207.459,0,"IAL"
"Ig","L",208.442,0,"IAL"
"Ig","L",209.073,0,"IAL"
"Ig","L",207.16,0,"IAL"
"Ig","L",208.53,0,"IAL"
"Ig","L",210.3,0,"IAL"
"Ig","R",213.8664,0,"IAL"
"Ig","R",213.9036,0,"IAL"
"Ig","R",215.7856,0,"IAL"
"Ig","R",216.6584,0,"IAL"
"Ig","R",216.3672,0,"IAL"
"Ig","R",216.0444,0,"IAL"
"Ig","R",216.3204,0,"IAL"
"Ig","R",215.7388,0,"IAL"
"Ig","R",216.3748,0,"IAL"
"Ig","R",217.6472,0,"IAL"
"Ig","R",217.4992,0,"IAL"
"Ig","R",217.4512,0,"IAL"
"Ig","R",216.86,0.0284005689164727,"IAL"
"Ig","R",216.0316,0,"IAL"
"Ig","R",216.1528,0,"IAL"
"Ig","R",216.88,0,"IAL"
"Ig","R",216.5864,0,"IAL"
"Ig","R",215.1964,0,"IAL"
"Ig","R",214.6016,0,"IAL"
"Ig","R",214.9016,0,"IAL"
"Ig","R",215.5436,0,"IAL"
"Ig","R",215.4492,0,"IAL"
"Ig","R",217.4524,0,"IAL"
"Ig","R",217.6764,0,"IAL"
"Ig","R",218.6192,0,"IAL"
"Ig","R",218.7924,0,"IAL"
"Ig","R",217.7156,0,"IAL"
"Ig","R",216.6076,0,"IAL"
"Ig","R",216.4336,0,"IAL"
"Ig","R",214.8928,0,"IAL"
"Ig","R",214.958,0,"IAL"
"Ig","R",216.9168,0,"IAL"
"Ig","R",216.4576,0,"IAL"
"Ig","R",215.7588,0,"IAL"
"Ig","R",217.0748,0,"IAL"
"Ig","R",216.6168,0,"IAL"
"Ig","R",217.5376,0,"IAL"
"Ig","R",217.1596,0,"IAL"
"Ig","R",216.3524,0,"IAL"
"Ig","R",218.4772,0,"IAL"
"Ig","R",218.0716,0,"IAL"
"Ig","R",218.318,0,"IAL"
"Ig","R",217.5132,0,"IAL"
"Ig","R",214.1356,0,"IAL"
"Ig","R",212.7516,0,"IAL"
"Ig","R",212.2256,0,"IAL"
"Ig","R",213.6328,0,"IAL"
"Ig","R",214.7216,0,"IAL"
"Ig","R",214.982,0,"IAL"
"Ig","R",214.924,0,"IAL"
"Ig","R",215.1468,0,"IAL"
"Ig","R",216.7568,0,"IAL"
"Ig","R",216.354,0,"IAL"
"Ig","R",216.082,0,"IAL"
"Ig","R",215.8128,0,"IAL"
"Ig","R",216.1248,0,"IAL"
"Ig","R",213.3236,0,"IAL"
"Ig","R",213.8368,0,"IAL"
"Ig","R",212.9916,0,"IAL"
"Ig","R",212.3628,0,"IAL"
"Ig","R",213.4904,0,"IAL"
"Ig","R",213.6072,0,"IAL"
"Ig","R",214.944,0,"IAL"
"Ig","R",214.9556,0,"IAL"
"Ig","R",215.1232,0,"IAL"
"Ig","R",213.8964,0,"IAL"
"Ig","R",213.2964,0,"IAL"
"Ig","R",212.2204,0,"IAL"
"Ig","R",213.4912,0,"IAL"
"Ig","R",216.6936,0,"IAL"
"Ig","R",213.4104,0,"IAL"
"Ig","R",212.5496,0,"IAL"
"Ig","R",213.4304,0,"IAL"
"Ig","R",213.9212,0,"IAL"
"Ig","R",213.6736,0,"IAL"
"Ig","R",214.2172,0,"IAL"
"Ig","R",214.5752,0,"IAL"
"Ig","R",214.9868,0,"IAL"
"Ig","R",217.3644,0,"IAL"
"Ig","R",216.424,0,"IAL"
"Ig","R",214.73,0,"IAL"
"Ig","R",214.2708,0,"IAL"
"Ig","R",213.912,0,"IAL"
"Ig","R",213.1056,0,"IAL"
"Ig","R",213.2528,0,"IAL"
"Ig","R",213.1272,0,"IAL"
"Ig","R",215.4352,0,"IAL"
"Ig","R",213.2748,0,"IAL"
"Ig","R",213.1136,0,"IAL"
"Ig","R",213.5948,0,"IAL"
"Ig","R",213.7896,0,"IAL"
"Ig","R",214.0632,0,"IAL"
"Ig","R",214.496,0,"IAL"
"Ig","R",215.0448,0,"IAL"
"Ig","R",215.9384,0,"IAL"
"Ig","R",182.2472,0.0359808298857166,"IDD5"
"Ig","R",181.886,0.0816179527589507,"IDD5"
"Ig","R",181.664,0,"IDD5"
"Ig","R",181.2192,0,"IDD5"
"Ig","R",180.6008,0,"IDD5"
"Ig","R",180.2552,0,"IDD5"
"Ig","R",179.872,0,"IDD5"
"Ig","R",179.102,0.313105149552883,"IDD5"
"Ig","R",178.3488,0.0544158687574202,"IDD5"
"Ig","R",181.694,0,"IDD5"
"Ig","R",181.2208,0,"IDD5"
"Ig","R",180.778,0.257761354045485,"IDD5"
"Ig","R",179.8288,0,"IDD5"
"Ig","R",179.47,0,"IDD5"
"Ig","R",179.1632,0,"IDD5"
"Ig","R",179.288,0.441692941474304,"IDD5"
"Ig","R",178.426,0,"IDM"
"Ig","R",180.296,0,"IDD5"
"Ig","R",185.2728,0,"IDD5"
"Ig","R",186.0032,0,"IDM"
"Ig","R",184.918,0,"IDM"
"Ig","R",184.582,0,"IDM"
"Ig","R",184.1112,0,"IDM"
"Ig","R",185.5872,0,"IDM"
"Ig","R",185.988,0,"IDM"
"Ig","R",182.312,0,"IDM"
"Ig","R",182.5912,0,"IDM"
"Ig","R",182.362,0,"IDM"
"Ig","R",181.5008,0,"IDM"
"Ig","R",180.49,0.158869215252536,"IDM"
"Ig","R",183.3368,0,"IDD5"
"Ig","R",183.594,0,"IDD5"
"Ig","R",184.6392,0,"IDD5"
"Ig","R",185.1112,0,"IDD5"
"Ig","R",184.5312,0,"IDD5"
"Ig","R",184.348,0,"IDD5"
"Ig","R",184.222,0,"IDM"
"Ig","R",183.4688,0.127184098835988,"IDM"
"Ig","R",182.542,0,"IDM"
"Ig","R",183.202,0,"IDD5"
"Ig","R",180.018,0,"IDM"
"Ig","R",179.3368,0,"IDM"
"Ig","R",179.1952,0,"IDM"
"Ig","R",179.116,0.261603091917325,"IDM"
"Ig","R",181.4848,0,"IDD5"
"Ig","R",183.1048,0,"IDD5"
"Ig","R",184.468,0,"IDD5"
"Ig","R",184.8968,0,"IDD5"
"Ig","R",184.13,0,"IDD5"
"Ig","R",181.772,0,"IDM"
"Ig","R",182.4168,0,"IDM"
"Ig","R",182.2488,0,"IDM"
"Ig","R",180.852,0,"IDM"
"Ig","R",180.8592,0,"IDM"
"Ig","R",179.6528,0,"IDM"
"Ig","R",181.8832,0,"IDM"
"Ig","R",182.8872,0,"IDM"
"Ig","R",181.0968,0.273720822893314,"IDM"
"Ig","R",181.3872,0,"IDM"
"Ig","R",181.034,0,"IDM"
"Ig","R",176.626,0,"IDM"
"Ig","R",181.826,0,"IDM"
"Ig","R",152.656,0.395751933497339,"IDD5"
"Ig","R",151.339,0.875623649577686,"IDD5"
"Ig","R",164.712,0.430662816466322,"IDD5"
"Ig","R",167.47,0.353983641320812,"IDD5"
"Ig","R",208.983,0,"IAL"
"Ig","R",209.9,0,"IAL"
"Ig","R",219.0492,0,"IAL"
"Ig","R",218.8489,0,"IAL"
"Ig","R",220.6792,0,"IAL"
"Ig","R",218.7842,0,"IAL"
"Ig","R",219.9139,0,"IAL"
"Ig","R",217.1767,0,"IAL"
"Ig","R",217.278,0,"IAL"
"Ig","R",218.5447,0,"IAL"
"Ig","R",218.1859,0,"IAL"
"Ig","R",219.3808,0,"IAL"
"Ig","R",211.459,0,"IAL"
"Ig","R",216.7038,0,"IAL"
"Ig","R",219.9862,0,"IAL"
"Ig","R",212.3912,0,"IAL"
"Ig","R",216.6004,0,"IAL"
"Ig","R",216.725,0,"IAL"
"Ig","R",218.2082,0,"IAL"
"Ig","R",218.5304,0,"IAL"
"Ig","R",218.5809,0,"IAL"
"Ig","R",218.9249,0,"IAL"
"Ig","R",151.353,0.427466608795155,"IDD5"
"Ig","R",151.55,0.398830054358323,"IDD5"
"Ig","all",213.8664,0,"IAL"
"Ig","all",213.9036,0,"IAL"
"Ig","all",215.7856,0,"IAL"
"Ig","all",216.6584,0,"IAL"
"Ig","all",216.3672,0,"IAL"
"Ig","all",216.0444,0,"IAL"
"Ig","all",216.3204,0,"IAL"
"Ig","all",215.7388,0,"IAL"
"Ig","all",216.3748,0,"IAL"
"Ig","all",217.6472,0,"IAL"
"Ig","all",217.4992,0,"IAL"
"Ig","all",217.4512,0,"IAL"
"Ig","all",216.86,0.0284005689164727,"IAL"
"Ig","all",216.0316,0,"IAL"
"Ig","all",216.1528,0,"IAL"
"Ig","all",216.88,0,"IAL"
"Ig","all",216.5864,0,"IAL"
"Ig","all",215.1964,0,"IAL"
"Ig","all",214.6016,0,"IAL"
"Ig","all",214.9016,0,"IAL"
"Ig","all",215.5436,0,"IAL"
"Ig","all",215.4492,0,"IAL"
"Ig","all",217.4524,0,"IAL"
"Ig","all",217.6764,0,"IAL"
"Ig","all",218.6192,0,"IAL"
"Ig","all",218.7924,0,"IAL"
"Ig","all",217.7156,0,"IAL"
"Ig","all",216.6076,0,"IAL"
"Ig","all",216.4336,0,"IAL"
"Ig","all",214.8928,0,"IAL"
"Ig","all",214.958,0,"IAL"
"Ig","all",216.9168,0,"IAL"
"Ig","all",216.4576,0,"IAL"
"Ig","all",215.7588,0,"IAL"
"Ig","all",217.0748,0,"IAL"
"Ig","all",216.6168,0,"IAL"
"Ig","all",217.5376,0,"IAL"
"Ig","all",217.1596,0,"IAL"
"Ig","all",216.3524,0,"IAL"
"Ig","all",218.4772,0,"IAL"
"Ig","all",218.0716,0,"IAL"
"Ig","all",218.318,0,"IAL"
"Ig","all",217.5132,0,"IAL"
"Ig","all",214.1356,0,"IAL"
"Ig","all",212.7516,0,"IAL"
"Ig","all",212.2256,0,"IAL"
"Ig","all",213.6328,0,"IAL"
"Ig","all",214.7216,0,"IAL"
"Ig","all",214.982,0,"IAL"
"Ig","all",214.924,0,"IAL"
"Ig","all",215.1468,0,"IAL"
"Ig","all",216.7568,0,"IAL"
"Ig","all",216.354,0,"IAL"
"Ig","all",216.082,0,"IAL"
"Ig","all",215.8128,0,"IAL"
"Ig","all",216.1248,0,"IAL"
"Ig","all",213.3236,0,"IAL"
"Ig","all",213.8368,0,"IAL"
"Ig","all",212.9916,0,"IAL"
"Ig","all",212.3628,0,"IAL"
"Ig","all",213.4904,0,"IAL"
"Ig","all",213.6072,0,"IAL"
"Ig","all",214.944,0,"IAL"
"Ig","all",214.9556,0,"IAL"
"Ig","all",215.1232,0,"IAL"
"Ig","all",213.8964,0,"IAL"
"Ig","all",213.2964,0,"IAL"
"Ig","all",212.2204,0,"IAL"
"Ig","all",213.4912,0,"IAL"
"Ig","all",216.6936,0,"IAL"
"Ig","all",213.4104,0,"IAL"
"Ig","all",212.5496,0,"IAL"
"Ig","all",213.4304,0,"IAL"
"Ig","all",213.9212,0,"IAL"
"Ig","all",213.6736,0,"IAL"
"Ig","all",214.2172,0,"IAL"
"Ig","all",214.5752,0,"IAL"
"Ig","all",214.9868,0,"IAL"
"Ig","all",217.3644,0,"IAL"
"Ig","all",216.424,0,"IAL"
"Ig","all",214.73,0,"IAL"
"Ig","all",214.2708,0,"IAL"
"Ig","all",213.912,0,"IAL"
"Ig","all",213.1056,0,"IAL"
"Ig","all",213.2528,0,"IAL"
"Ig","all",213.1272,0,"IAL"
"Ig","all",215.4352,0,"IAL"
"Ig","all",213.2748,0,"IAL"
"Ig","all",213.1136,0,"IAL"
"Ig","all",213.5948,0,"IAL"
"Ig","all",213.7896,0,"IAL"
"Ig","all",214.0632,0,"IAL"
"Ig","all",214.496,0,"IAL"
"Ig","all",215.0448,0,"IAL"
"Ig","all",215.9384,0,"IAL"
"Ig","all",182.2472,0.0359808298857166,"IDD5"
"Ig","all",181.886,0.0816179527589507,"IDD5"
"Ig","all",181.664,0,"IDD5"
"Ig","all",181.2192,0,"IDD5"
"Ig","all",180.6008,0,"IDD5"
"Ig","all",180.2552,0,"IDD5"
"Ig","all",179.872,0,"IDD5"
"Ig","all",179.102,0.313105149552883,"IDD5"
"Ig","all",178.3488,0.0544158687574202,"IDD5"
"Ig","all",181.694,0,"IDD5"
"Ig","all",181.2208,0,"IDD5"
"Ig","all",180.778,0.257761354045485,"IDD5"
"Ig","all",179.8288,0,"IDD5"
"Ig","all",179.47,0,"IDD5"
"Ig","all",179.1632,0,"IDD5"
"Ig","all",179.288,0.441692941474304,"IDD5"
"Ig","all",178.426,0,"IDM"
"Ig","all",180.296,0,"IDD5"
"Ig","all",185.2728,0,"IDD5"
"Ig","all",186.0032,0,"IDM"
"Ig","all",184.918,0,"IDM"
"Ig","all",184.582,0,"IDM"
"Ig","all",184.1112,0,"IDM"
"Ig","all",185.5872,0,"IDM"
"Ig","all",185.988,0,"IDM"
"Ig","all",182.312,0,"IDM"
"Ig","all",182.5912,0,"IDM"
"Ig","all",182.362,0,"IDM"
"Ig","all",181.5008,0,"IDM"
"Ig","all",180.49,0.158869215252536,"IDM"
"Ig","all",183.3368,0,"IDD5"
"Ig","all",183.594,0,"IDD5"
"Ig","all",184.6392,0,"IDD5"
"Ig","all",185.1112,0,"IDD5"
"Ig","all",184.5312,0,"IDD5"
"Ig","all",184.348,0,"IDD5"
"Ig","all",184.222,0,"IDM"
"Ig","all",183.4688,0.127184098835988,"IDM"
"Ig","all",182.542,0,"IDM"
"Ig","all",183.202,0,"IDD5"
"Ig","all",180.018,0,"IDM"
"Ig","all",179.3368,0,"IDM"
"Ig","all",179.1952,0,"IDM"
"Ig","all",179.116,0.261603091917325,"IDM"
"Ig","all",181.4848,0,"IDD5"
"Ig","all",183.1048,0,"IDD5"
"Ig","all",184.468,0,"IDD5"
"Ig","all",184.8968,0,"IDD5"
"Ig","all",184.13,0,"IDD5"
"Ig","all",181.772,0,"IDM"
"Ig","all",182.4168,0,"IDM"
"Ig","all",182.2488,0,"IDM"
"Ig","all",180.852,0,"IDM"
"Ig","all",180.8592,0,"IDM"
"Ig","all",179.6528,0,"IDM"
"Ig","all",181.8832,0,"IDM"
"Ig","all",182.8872,0,"IDM"
"Ig","all",181.0968,0.273720822893314,"IDM"
"Ig","all",181.3872,0,"IDM"
"Ig","all",181.034,0,"IDM"
"Ig","all",176.626,0,"IDM"
"Ig","all",181.826,0,"IDM"
"Ig","all",171.5592,0.324952884011333,"IDD5"
"Ig","all",170.882,0.191446535015116,"IDD5"
"Ig","all",171.054,0.619163952225841,"IDD5"
"Ig","all",172.3152,0.450634539050707,"IDD5"
"Ig","all",170.44,0.489911252511721,"IDD5"
"Ig","all",170.526,1,"IDD5"
"Ig","all",170.224,0.425932856768592,"IDD5"
"Ig","all",171.226,0.165043180765256,"IDD5"
"Ig","all",172.178,0.121036603319621,"IDD5"
"Ig","all",173.0272,0.21937117208747,"IDD5"
"Ig","all",173.1072,0.132357764939786,"IDD5"
"Ig","all",173.23,0.133423519612721,"IDD5"
"Ig","all",173.554,0.575364981146669,"IDD5"
"Ig","all",171.772,0.139839762646212,"IDD5"
"Ig","all",171.3608,1,"IDD5"
"Ig","all",170.5688,1,"IDD5"
"Ig","all",171.9712,1,"IDD5"
"Ig","all",173.376,0.341133127551528,"IDD5"
"Ig","all",173.088,0.869006849315068,"IDD5"
"Ig","all",170.724,1,"IDD5"
"Ig","all",170.552,1,"IDD5"
"Ig","all",171.866,1,"IDD5"
"Ig","all",173.268,0.0672907834538516,"IDD5"
"Ig","all",173.7648,0.136110401537545,"IDD5"
"Ig","all",173.9288,0.265757661837578,"IDD5"
"Ig","all",173.696,0.21500852417176,"IDD5"
"Ig","all",173.4008,0.0899812122746472,"IDD5"
"Ig","all",173.8992,0.259306358381503,"IDD5"
"Ig","all",171.9312,0.390754160849234,"IDD5"
"Ig","all",171.47,0.422329988602588,"IDD5"
"Ig","all",171.0112,0.143216722267304,"IDD5"
"Ig","all",171.564,0.176298140636922,"IDD5"
"Ig","all",171.0688,0,"IDM"
"Ig","all",171.8832,0.199620681406554,"IDM"
"Ig","all",170.6888,0,"IDM"
"Ig","all",170.826,0,"IDM"
"Ig","all",171.1808,0,"IDM"
"Ig","all",171.126,0,"IDM"
"Ig","all",173.104,0.312626855519107,"IDM"
"Ig","all",171.88,0.212760554927172,"IDM"
"Ig","all",172.07,0.127011632571199,"IDM"
"Ig","all",173.2648,0,"IDM"
"Ig","all",173.0568,0,"IDM"
"Ig","all",174.0688,0,"IDM"
"Ig","all",173.468,0,"IDM"
"Ig","all",175.0128,0.0581313559777064,"IDM"
"Ig","all",172.5768,0.310363728048059,"IDM"
"Ig","all",172.8072,0.255604467269911,"IDM"
"Ig","all",172.488,0,"IDM"
"Ig","all",173.9408,0,"IDV"
"Ig","all",173.518,0.119425543653165,"IDV"
"Ig","all",171.212,0,"IDV"
"Ig","all",171.5368,0,"IDM"
"Ig","all",169.778,0,"IDM"
"Ig","all",169.8048,0,"IDM"
"Ig","all",172.1768,0,"IDM"
"Ig","all",172.7768,0,"IDM"
"Ig","all",171.3688,0,"IDM"
"Ig","all",172.6608,0,"IDM"
"Ig","all",173.452,0,"IDM"
"Ig","all",174.5272,0.156685268158993,"IDM"
"Ig","all",172.8328,0,"IDM"
"Ig","all",170.464,0,"IDM"
"Ig","all",169.934,0,"IDM"
"Ig","all",170.114,0,"IDM"
"Ig","all",171.028,0.135952182038981,"IDM"
"Ig","all",173.736,0,"IDM"
"Ig","all",173.158,0,"IDM"
"Ig","all",171.17,0,"IDM"
"Ig","all",170.27,0,"IDM"
"Ig","all",171.472,0,"IDM"
"Ig","all",171.146,0,"IDM"
"Ig","all",173.256,0,"IDM"
"Ig","all",168.864,0,"IDM"
"Ig","all",168.9352,0.284554455445545,"IDM"
"Ig","all",168.4768,0.449541564792176,"IDM"
"Ig","all",169.354,0.412383042624466,"IDD5"
"Ig","all",170.696,0,"IDM"
"Ig","all",171.832,0,"IDM"
"Ig","all",171.0672,0.250241797485306,"IDM"
"Ig","all",211.3912,0,"IAL"
"Ig","all",210.4168,0,"IAL"
"Ig","all",210.1168,0,"IAPM"
"Ig","all",211.9072,0,"IAPM"
"Ig","all",210.6632,0,"IAPM"
"Ig","all",211.118,0,"IAPM"
"Ig","all",212.0196,0.0240310144601459,"IAPM"
"Ig","all",213.6916,0,"IAPM"
"Ig","all",213.7356,0,"IAPM"
"Ig","all",214.7564,0,"IAPM"
"Ig","all",213.5468,0,"IAPM"
"Ig","all",213.5636,0,"IAPM"
"Ig","all",213.0968,0,"IAPM"
"Ig","all",212.2664,0,"IAL"
"Ig","all",211.8712,0,"IAL"
"Ig","all",211.8992,0,"IAL"
"Ig","all",211.3288,0,"IAL"
"Ig","all",211.884,0,"IAL"
"Ig","all",212.5584,0,"IAPM"
"Ig","all",212.4096,0,"IAPM"
"Ig","all",211.998,0,"IAPM"
"Ig","all",210.7472,0,"IAPM"
"Ig","all",211.5472,0,"IAPM"
"Ig","all",152.656,0.395751933497339,"IDD5"
"Ig","all",151.339,0.875623649577686,"IDD5"
"Ig","all",162.881,0.490768659832073,"IDD5"
"Ig","all",164.712,0.430662816466322,"IDD5"
"Ig","all",167.47,0.353983641320812,"IDD5"
"Ig","all",205.632,0,"IAL"
"Ig","all",205.908,0,"IAL"
"Ig","all",203.608,0,"IAL"
"Ig","all",208.983,0,"IAL"
"Ig","all",209.9,0,"IAL"
"Ig","all",190.706,0,"IDM"
"Ig","all",188.714,0.0462834669913647,"IDM"
"Ig","all",187.365,0,"IDM"
"Ig","all",209.919,0,"IAL"
"Ig","all",209.287,0,"IAL"
"Ig","all",206.676,0,"IAL"
"Ig","all",205.484,0,"IAL"
"Ig","all",206.506,0,"IAL"
"Ig","all",207.459,0,"IAL"
"Ig","all",208.442,0,"IAL"
"Ig","all",209.073,0,"IAL"
"Ig","all",207.16,0,"IAL"
"Ig","all",208.53,0,"IAL"
"Ig","all",210.3,0,"IAL"
"Ig","all",219.0492,0,"IAL"
"Ig","all",218.8489,0,"IAL"
"Ig","all",220.6792,0,"IAL"
"Ig","all",218.7842,0,"IAL"
"Ig","all",219.9139,0,"IAL"
"Ig","all",217.1767,0,"IAL"
"Ig","all",217.278,0,"IAL"
"Ig","all",218.5447,0,"IAL"
"Ig","all",218.1859,0,"IAL"
"Ig","all",219.3808,0,"IAL"
"Ig","all",211.459,0,"IAL"
"Ig","all",216.7038,0,"IAL"
"Ig","all",219.9862,0,"IAL"
"Ig","all",212.3912,0,"IAL"
"Ig","all",216.6004,0,"IAL"
"Ig","all",216.725,0,"IAL"
"Ig","all",218.2082,0,"IAL"
"Ig","all",218.5304,0,"IAL"
"Ig","all",218.5809,0,"IAL"
"Ig","all",218.9249,0,"IAL"
"Ig","all",151.353,0.427466608795155,"IDD5"
"Ig","all",151.55,0.398830054358323,"IDD5"
"Pi","L",171.5592,0,"IDD5"
"Pi","L",170.882,0,"IDD5"
"Pi","L",171.054,0,"IDD5"
"Pi","L",172.3152,0,"IDD5"
"Pi","L",170.44,0,"IDD5"
"Pi","L",170.526,0,"IDD5"
"Pi","L",170.224,0,"IDD5"
"Pi","L",171.226,0,"IDD5"
"Pi","L",172.178,0,"IDD5"
"Pi","L",173.0272,0,"IDD5"
"Pi","L",173.1072,0.0675779707195598,"IDD5"
"Pi","L",173.23,0,"IDD5"
"Pi","L",173.554,0,"IDD5"
"Pi","L",171.772,0,"IDD5"
"Pi","L",171.3608,0,"IDD5"
"Pi","L",170.5688,0,"IDD5"
"Pi","L",171.9712,0,"IDD5"
"Pi","L",173.376,0,"IDD5"
"Pi","L",173.088,0,"IDD5"
"Pi","L",170.724,0,"IDD5"
"Pi","L",170.552,0,"IDD5"
"Pi","L",171.866,0,"IDD5"
"Pi","L",173.268,0,"IDD5"
"Pi","L",173.7648,0,"IDD5"
"Pi","L",173.9288,0,"IDD5"
"Pi","L",173.696,0,"IDD5"
"Pi","L",173.4008,0,"IDD5"
"Pi","L",173.8992,0,"IDD5"
"Pi","L",171.9312,0,"IDD5"
"Pi","L",171.47,0,"IDD5"
"Pi","L",171.0112,0,"IDD5"
"Pi","L",171.564,0,"IDD5"
"Pi","L",171.0688,0,"IDM"
"Pi","L",171.8832,0,"IDM"
"Pi","L",170.6888,0,"IDM"
"Pi","L",170.826,0,"IDM"
"Pi","L",171.1808,0,"IDM"
"Pi","L",171.126,0,"IDM"
"Pi","L",173.104,0,"IDM"
"Pi","L",171.88,0,"IDM"
"Pi","L",172.07,0,"IDM"
"Pi","L",173.2648,0.0883636490591069,"IDM"
"Pi","L",173.0568,0,"IDM"
"Pi","L",174.0688,0,"IDM"
"Pi","L",173.468,0,"IDM"
"Pi","L",175.0128,0,"IDM"
"Pi","L",172.5768,0,"IDM"
"Pi","L",172.8072,0,"IDM"
"Pi","L",172.488,0.25214885310725,"IDM"
"Pi","L",173.9408,0,"IDV"
"Pi","L",173.518,0,"IDV"
"Pi","L",171.212,0,"IDV"
"Pi","L",171.5368,0,"IDM"
"Pi","L",169.778,0.14948489010989,"IDM"
"Pi","L",169.8048,0.407097067285851,"IDM"
"Pi","L",172.1768,0.0931784032855855,"IDM"
"Pi","L",172.7768,0,"IDM"
"Pi","L",171.3688,0,"IDM"
"Pi","L",172.6608,0,"IDM"
"Pi","L",173.452,0,"IDM"
"Pi","L",174.5272,0,"IDM"
"Pi","L",172.8328,0,"IDM"
"Pi","L",170.464,0,"IDM"
"Pi","L",169.934,0,"IDM"
"Pi","L",170.114,0,"IDM"
"Pi","L",171.028,0,"IDM"
"Pi","L",173.736,0,"IDM"
"Pi","L",173.158,0,"IDM"
"Pi","L",171.17,0,"IDM"
"Pi","L",170.27,0,"IDM"
"Pi","L",171.472,0,"IDM"
"Pi","L",171.146,0,"IDM"
"Pi","L",173.256,0,"IDM"
"Pi","L",168.864,0,"IDM"
"Pi","L",168.9352,0,"IDM"
"Pi","L",168.4768,0,"IDM"
"Pi","L",169.354,0,"IDD5"
"Pi","L",170.696,0,"IDM"
"Pi","L",171.832,0,"IDM"
"Pi","L",171.0672,0,"IDM"
"Pi","L",211.3912,0.0378892718183354,"IAL"
"Pi","L",210.4168,0,"IAL"
"Pi","L",210.1168,0,"IAPM"
"Pi","L",211.9072,0,"IAPM"
"Pi","L",210.6632,0,"IAPM"
"Pi","L",211.118,0,"IAPM"
"Pi","L",212.0196,0,"IAPM"
"Pi","L",213.6916,0,"IAPM"
"Pi","L",213.7356,0,"IAPM"
"Pi","L",214.7564,0,"IAPM"
"Pi","L",213.5468,0.0989443699731904,"IAPM"
"Pi","L",213.5636,0,"IAPM"
"Pi","L",213.0968,0,"IAPM"
"Pi","L",212.2664,0,"IAL"
"Pi","L",211.8712,0,"IAL"
"Pi","L",211.8992,0,"IAL"
"Pi","L",211.3288,0,"IAL"
"Pi","L",211.884,0,"IAL"
"Pi","L",212.5584,0,"IAPM"
"Pi","L",212.4096,0,"IAPM"
"Pi","L",211.998,0,"IAPM"
"Pi","L",210.7472,0,"IAPM"
"Pi","L",211.5472,0,"IAPM"
"Pi","L",162.881,0,"IDD5"
"Pi","L",205.632,0,"IAL"
"Pi","L",205.908,0,"IAL"
"Pi","L",203.608,0,"IAL"
"Pi","L",190.706,0,"IDM"
"Pi","L",188.714,0,"IDM"
"Pi","L",187.365,0,"IDM"
"Pi","L",209.919,0,"IAL"
"Pi","L",209.287,0,"IAL"
"Pi","L",206.676,0.0559525099840755,"IAL"
"Pi","L",205.484,0,"IAL"
"Pi","L",206.506,0,"IAL"
"Pi","L",207.459,0,"IAL"
"Pi","L",208.442,0,"IAL"
"Pi","L",209.073,0,"IAL"
"Pi","L",207.16,0,"IAL"
"Pi","L",208.53,0,"IAL"
"Pi","L",210.3,0,"IAL"
"Pi","R",213.8664,0,"IAL"
"Pi","R",213.9036,0,"IAL"
"Pi","R",215.7856,0,"IAL"
"Pi","R",216.6584,0,"IAL"
"Pi","R",216.3672,0,"IAL"
"Pi","R",216.0444,0,"IAL"
"Pi","R",216.3204,0,"IAL"
"Pi","R",215.7388,0,"IAL"
"Pi","R",216.3748,0,"IAL"
"Pi","R",217.6472,0.090185601161709,"IAL"
"Pi","R",217.4992,0,"IAL"
"Pi","R",217.4512,0,"IAL"
"Pi","R",216.86,0,"IAL"
"Pi","R",216.0316,0,"IAL"
"Pi","R",216.1528,0,"IAL"
"Pi","R",216.88,0.0713073208769457,"IAL"
"Pi","R",216.5864,0,"IAL"
"Pi","R",215.1964,0,"IAL"
"Pi","R",214.6016,0,"IAL"
"Pi","R",214.9016,0,"IAL"
"Pi","R",215.5436,0,"IAL"
"Pi","R",215.4492,0,"IAL"
"Pi","R",217.4524,0,"IAL"
"Pi","R",217.6764,0,"IAL"
"Pi","R",218.6192,0,"IAL"
"Pi","R",218.7924,0,"IAL"
"Pi","R",217.7156,0,"IAL"
"Pi","R",216.6076,0,"IAL"
"Pi","R",216.4336,0,"IAL"
"Pi","R",214.8928,0,"IAL"
"Pi","R",214.958,0,"IAL"
"Pi","R",216.9168,0,"IAL"
"Pi","R",216.4576,0,"IAL"
"Pi","R",215.7588,0,"IAL"
"Pi","R",217.0748,0,"IAL"
"Pi","R",216.6168,0,"IAL"
"Pi","R",217.5376,0,"IAL"
"Pi","R",217.1596,0,"IAL"
"Pi","R",216.3524,0.0764307539846395,"IAL"
"Pi","R",218.4772,0,"IAL"
"Pi","R",218.0716,0,"IAL"
"Pi","R",218.318,0,"IAL"
"Pi","R",217.5132,0,"IAL"
"Pi","R",214.1356,0,"IAL"
"Pi","R",212.7516,0,"IAL"
"Pi","R",212.2256,0,"IAL"
"Pi","R",213.6328,0,"IAL"
"Pi","R",214.7216,0,"IAL"
"Pi","R",214.982,0,"IAL"
"Pi","R",214.924,0,"IAL"
"Pi","R",215.1468,0,"IAL"
"Pi","R",216.7568,0,"IAL"
"Pi","R",216.354,0,"IAL"
"Pi","R",216.082,0,"IAL"
"Pi","R",215.8128,0,"IAL"
"Pi","R",216.1248,0,"IAL"
"Pi","R",213.3236,0,"IAL"
"Pi","R",213.8368,0,"IAL"
"Pi","R",212.9916,0,"IAL"
"Pi","R",212.3628,0,"IAL"
"Pi","R",213.4904,0,"IAL"
"Pi","R",213.6072,0,"IAL"
"Pi","R",214.944,0,"IAL"
"Pi","R",214.9556,0,"IAL"
"Pi","R",215.1232,0,"IAL"
"Pi","R",213.8964,0,"IAL"
"Pi","R",213.2964,0,"IAL"
"Pi","R",212.2204,0,"IAL"
"Pi","R",213.4912,0,"IAL"
"Pi","R",216.6936,0,"IAL"
"Pi","R",213.4104,0,"IAL"
"Pi","R",212.5496,0,"IAL"
"Pi","R",213.4304,0,"IAL"
"Pi","R",213.9212,0,"IAL"
"Pi","R",213.6736,0,"IAL"
"Pi","R",214.2172,0,"IAL"
"Pi","R",214.5752,0,"IAL"
"Pi","R",214.9868,0,"IAL"
"Pi","R",217.3644,0,"IAL"
"Pi","R",216.424,0,"IAL"
"Pi","R",214.73,0,"IAL"
"Pi","R",214.2708,0,"IAL"
"Pi","R",213.912,0,"IAL"
"Pi","R",213.1056,0,"IAL"
"Pi","R",213.2528,0,"IAL"
"Pi","R",213.1272,0,"IAL"
"Pi","R",215.4352,0,"IAL"
"Pi","R",213.2748,0,"IAL"
"Pi","R",213.1136,0,"IAL"
"Pi","R",213.5948,0,"IAL"
"Pi","R",213.7896,0,"IAL"
"Pi","R",214.0632,0,"IAL"
"Pi","R",214.496,0,"IAL"
"Pi","R",215.0448,0,"IAL"
"Pi","R",215.9384,0,"IAL"
"Pi","R",182.2472,0,"IDD5"
"Pi","R",181.886,0,"IDD5"
"Pi","R",181.664,0,"IDD5"
"Pi","R",181.2192,0,"IDD5"
"Pi","R",180.6008,0,"IDD5"
"Pi","R",180.2552,0,"IDD5"
"Pi","R",179.872,0,"IDD5"
"Pi","R",179.102,0,"IDD5"
"Pi","R",178.3488,0,"IDD5"
"Pi","R",181.694,0,"IDD5"
"Pi","R",181.2208,0,"IDD5"
"Pi","R",180.778,0,"IDD5"
"Pi","R",179.8288,0,"IDD5"
"Pi","R",179.47,0,"IDD5"
"Pi","R",179.1632,0,"IDD5"
"Pi","R",179.288,0,"IDD5"
"Pi","R",178.426,0,"IDM"
"Pi","R",180.296,0,"IDD5"
"Pi","R",185.2728,0,"IDD5"
"Pi","R",186.0032,0,"IDM"
"Pi","R",184.918,0.0989436160500804,"IDM"
"Pi","R",184.582,0.249075085444488,"IDM"
"Pi","R",184.1112,0,"IDM"
"Pi","R",185.5872,0,"IDM"
"Pi","R",185.988,0,"IDM"
"Pi","R",182.312,0,"IDM"
"Pi","R",182.5912,0,"IDM"
"Pi","R",182.362,0,"IDM"
"Pi","R",181.5008,0,"IDM"
"Pi","R",180.49,0,"IDM"
"Pi","R",183.3368,0,"IDD5"
"Pi","R",183.594,0,"IDD5"
"Pi","R",184.6392,0,"IDD5"
"Pi","R",185.1112,0,"IDD5"
"Pi","R",184.5312,0,"IDD5"
"Pi","R",184.348,0,"IDD5"
"Pi","R",184.222,0,"IDM"
"Pi","R",183.4688,0,"IDM"
"Pi","R",182.542,0,"IDM"
"Pi","R",183.202,0,"IDD5"
"Pi","R",180.018,0,"IDM"
"Pi","R",179.3368,0,"IDM"
"Pi","R",179.1952,0,"IDM"
"Pi","R",179.116,0,"IDM"
"Pi","R",181.4848,0,"IDD5"
"Pi","R",183.1048,0,"IDD5"
"Pi","R",184.468,0,"IDD5"
"Pi","R",184.8968,0,"IDD5"
"Pi","R",184.13,0,"IDD5"
"Pi","R",181.772,0,"IDM"
"Pi","R",182.4168,0,"IDM"
"Pi","R",182.2488,0,"IDM"
"Pi","R",180.852,0,"IDM"
"Pi","R",180.8592,0,"IDM"
"Pi","R",179.6528,0,"IDM"
"Pi","R",181.8832,0,"IDM"
"Pi","R",182.8872,0,"IDM"
"Pi","R",181.0968,0,"IDM"
"Pi","R",181.3872,0,"IDM"
"Pi","R",181.034,0,"IDM"
"Pi","R",176.626,0,"IDM"
"Pi","R",181.826,0,"IDM"
"Pi","R",152.656,0,"IDD5"
"Pi","R",151.339,0,"IDD5"
"Pi","R",164.712,0,"IDD5"
"Pi","R",167.47,0,"IDD5"
"Pi","R",208.983,0,"IAL"
"Pi","R",209.9,0,"IAL"
"Pi","R",219.0492,0,"IAL"
"Pi","R",218.8489,0,"IAL"
"Pi","R",220.6792,0,"IAL"
"Pi","R",218.7842,0,"IAL"
"Pi","R",219.9139,0,"IAL"
"Pi","R",217.1767,0,"IAL"
"Pi","R",217.278,0,"IAL"
"Pi","R",218.5447,0,"IAL"
"Pi","R",218.1859,0,"IAL"
"Pi","R",219.3808,0,"IAL"
"Pi","R",211.459,0,"IAL"
"Pi","R",216.7038,0,"IAL"
"Pi","R",219.9862,0,"IAL"
"Pi","R",212.3912,0,"IAL"
"Pi","R",216.6004,0,"IAL"
"Pi","R",216.725,0,"IAL"
"Pi","R",218.2082,0,"IAL"
"Pi","R",218.5304,0,"IAL"
"Pi","R",218.5809,0,"IAL"
"Pi","R",218.9249,0,"IAL"
"Pi","R",151.353,0,"IDD5"
"Pi","R",151.55,0,"IDD5"
"Pi","all",213.8664,0,"IAL"
"Pi","all",213.9036,0,"IAL"
"Pi","all",215.7856,0,"IAL"
"Pi","all",216.6584,0,"IAL"
"Pi","all",216.3672,0,"IAL"
"Pi","all",216.0444,0,"IAL"
"Pi","all",216.3204,0,"IAL"
"Pi","all",215.7388,0,"IAL"
"Pi","all",216.3748,0,"IAL"
"Pi","all",217.6472,0.090185601161709,"IAL"
"Pi","all",217.4992,0,"IAL"
"Pi","all",217.4512,0,"IAL"
"Pi","all",216.86,0,"IAL"
"Pi","all",216.0316,0,"IAL"
"Pi","all",216.1528,0,"IAL"
"Pi","all",216.88,0.0713073208769457,"IAL"
"Pi","all",216.5864,0,"IAL"
"Pi","all",215.1964,0,"IAL"
"Pi","all",214.6016,0,"IAL"
"Pi","all",214.9016,0,"IAL"
"Pi","all",215.5436,0,"IAL"
"Pi","all",215.4492,0,"IAL"
"Pi","all",217.4524,0,"IAL"
"Pi","all",217.6764,0,"IAL"
"Pi","all",218.6192,0,"IAL"
"Pi","all",218.7924,0,"IAL"
"Pi","all",217.7156,0,"IAL"
"Pi","all",216.6076,0,"IAL"
"Pi","all",216.4336,0,"IAL"
"Pi","all",214.8928,0,"IAL"
"Pi","all",214.958,0,"IAL"
"Pi","all",216.9168,0,"IAL"
"Pi","all",216.4576,0,"IAL"
"Pi","all",215.7588,0,"IAL"
"Pi","all",217.0748,0,"IAL"
"Pi","all",216.6168,0,"IAL"
"Pi","all",217.5376,0,"IAL"
"Pi","all",217.1596,0,"IAL"
"Pi","all",216.3524,0.0764307539846395,"IAL"
"Pi","all",218.4772,0,"IAL"
"Pi","all",218.0716,0,"IAL"
"Pi","all",218.318,0,"IAL"
"Pi","all",217.5132,0,"IAL"
"Pi","all",214.1356,0,"IAL"
"Pi","all",212.7516,0,"IAL"
"Pi","all",212.2256,0,"IAL"
"Pi","all",213.6328,0,"IAL"
"Pi","all",214.7216,0,"IAL"
"Pi","all",214.982,0,"IAL"
"Pi","all",214.924,0,"IAL"
"Pi","all",215.1468,0,"IAL"
"Pi","all",216.7568,0,"IAL"
"Pi","all",216.354,0,"IAL"
"Pi","all",216.082,0,"IAL"
"Pi","all",215.8128,0,"IAL"
"Pi","all",216.1248,0,"IAL"
"Pi","all",213.3236,0,"IAL"
"Pi","all",213.8368,0,"IAL"
"Pi","all",212.9916,0,"IAL"
"Pi","all",212.3628,0,"IAL"
"Pi","all",213.4904,0,"IAL"
"Pi","all",213.6072,0,"IAL"
"Pi","all",214.944,0,"IAL"
"Pi","all",214.9556,0,"IAL"
"Pi","all",215.1232,0,"IAL"
"Pi","all",213.8964,0,"IAL"
"Pi","all",213.2964,0,"IAL"
"Pi","all",212.2204,0,"IAL"
"Pi","all",213.4912,0,"IAL"
"Pi","all",216.6936,0,"IAL"
"Pi","all",213.4104,0,"IAL"
"Pi","all",212.5496,0,"IAL"
"Pi","all",213.4304,0,"IAL"
"Pi","all",213.9212,0,"IAL"
"Pi","all",213.6736,0,"IAL"
"Pi","all",214.2172,0,"IAL"
"Pi","all",214.5752,0,"IAL"
"Pi","all",214.9868,0,"IAL"
"Pi","all",217.3644,0,"IAL"
"Pi","all",216.424,0,"IAL"
"Pi","all",214.73,0,"IAL"
"Pi","all",214.2708,0,"IAL"
"Pi","all",213.912,0,"IAL"
"Pi","all",213.1056,0,"IAL"
"Pi","all",213.2528,0,"IAL"
"Pi","all",213.1272,0,"IAL"
"Pi","all",215.4352,0,"IAL"
"Pi","all",213.2748,0,"IAL"
"Pi","all",213.1136,0,"IAL"
"Pi","all",213.5948,0,"IAL"
"Pi","all",213.7896,0,"IAL"
"Pi","all",214.0632,0,"IAL"
"Pi","all",214.496,0,"IAL"
"Pi","all",215.0448,0,"IAL"
"Pi","all",215.9384,0,"IAL"
"Pi","all",182.2472,0,"IDD5"
"Pi","all",181.886,0,"IDD5"
"Pi","all",181.664,0,"IDD5"
"Pi","all",181.2192,0,"IDD5"
"Pi","all",180.6008,0,"IDD5"
"Pi","all",180.2552,0,"IDD5"
"Pi","all",179.872,0,"IDD5"
"Pi","all",179.102,0,"IDD5"
"Pi","all",178.3488,0,"IDD5"
"Pi","all",181.694,0,"IDD5"
"Pi","all",181.2208,0,"IDD5"
"Pi","all",180.778,0,"IDD5"
"Pi","all",179.8288,0,"IDD5"
"Pi","all",179.47,0,"IDD5"
"Pi","all",179.1632,0,"IDD5"
"Pi","all",179.288,0,"IDD5"
"Pi","all",178.426,0,"IDM"
"Pi","all",180.296,0,"IDD5"
"Pi","all",185.2728,0,"IDD5"
"Pi","all",186.0032,0,"IDM"
"Pi","all",184.918,0.0989436160500804,"IDM"
"Pi","all",184.582,0.249075085444488,"IDM"
"Pi","all",184.1112,0,"IDM"
"Pi","all",185.5872,0,"IDM"
"Pi","all",185.988,0,"IDM"
"Pi","all",182.312,0,"IDM"
"Pi","all",182.5912,0,"IDM"
"Pi","all",182.362,0,"IDM"
"Pi","all",181.5008,0,"IDM"
"Pi","all",180.49,0,"IDM"
"Pi","all",183.3368,0,"IDD5"
"Pi","all",183.594,0,"IDD5"
"Pi","all",184.6392,0,"IDD5"
"Pi","all",185.1112,0,"IDD5"
"Pi","all",184.5312,0,"IDD5"
"Pi","all",184.348,0,"IDD5"
"Pi","all",184.222,0,"IDM"
"Pi","all",183.4688,0,"IDM"
"Pi","all",182.542,0,"IDM"
"Pi","all",183.202,0,"IDD5"
"Pi","all",180.018,0,"IDM"
"Pi","all",179.3368,0,"IDM"
"Pi","all",179.1952,0,"IDM"
"Pi","all",179.116,0,"IDM"
"Pi","all",181.4848,0,"IDD5"
"Pi","all",183.1048,0,"IDD5"
"Pi","all",184.468,0,"IDD5"
"Pi","all",184.8968,0,"IDD5"
"Pi","all",184.13,0,"IDD5"
"Pi","all",181.772,0,"IDM"
"Pi","all",182.4168,0,"IDM"
"Pi","all",182.2488,0,"IDM"
"Pi","all",180.852,0,"IDM"
"Pi","all",180.8592,0,"IDM"
"Pi","all",179.6528,0,"IDM"
"Pi","all",181.8832,0,"IDM"
"Pi","all",182.8872,0,"IDM"
"Pi","all",181.0968,0,"IDM"
"Pi","all",181.3872,0,"IDM"
"Pi","all",181.034,0,"IDM"
"Pi","all",176.626,0,"IDM"
"Pi","all",181.826,0,"IDM"
"Pi","all",171.5592,0,"IDD5"
"Pi","all",170.882,0,"IDD5"
"Pi","all",171.054,0,"IDD5"
"Pi","all",172.3152,0,"IDD5"
"Pi","all",170.44,0,"IDD5"
"Pi","all",170.526,0,"IDD5"
"Pi","all",170.224,0,"IDD5"
"Pi","all",171.226,0,"IDD5"
"Pi","all",172.178,0,"IDD5"
"Pi","all",173.0272,0,"IDD5"
"Pi","all",173.1072,0.0675779707195598,"IDD5"
"Pi","all",173.23,0,"IDD5"
"Pi","all",173.554,0,"IDD5"
"Pi","all",171.772,0,"IDD5"
"Pi","all",171.3608,0,"IDD5"
"Pi","all",170.5688,0,"IDD5"
"Pi","all",171.9712,0,"IDD5"
"Pi","all",173.376,0,"IDD5"
"Pi","all",173.088,0,"IDD5"
"Pi","all",170.724,0,"IDD5"
"Pi","all",170.552,0,"IDD5"
"Pi","all",171.866,0,"IDD5"
"Pi","all",173.268,0,"IDD5"
"Pi","all",173.7648,0,"IDD5"
"Pi","all",173.9288,0,"IDD5"
"Pi","all",173.696,0,"IDD5"
"Pi","all",173.4008,0,"IDD5"
"Pi","all",173.8992,0,"IDD5"
"Pi","all",171.9312,0,"IDD5"
"Pi","all",171.47,0,"IDD5"
"Pi","all",171.0112,0,"IDD5"
"Pi","all",171.564,0,"IDD5"
"Pi","all",171.0688,0,"IDM"
"Pi","all",171.8832,0,"IDM"
"Pi","all",170.6888,0,"IDM"
"Pi","all",170.826,0,"IDM"
"Pi","all",171.1808,0,"IDM"
"Pi","all",171.126,0,"IDM"
"Pi","all",173.104,0,"IDM"
"Pi","all",171.88,0,"IDM"
"Pi","all",172.07,0,"IDM"
"Pi","all",173.2648,0.0883636490591069,"IDM"
"Pi","all",173.0568,0,"IDM"
"Pi","all",174.0688,0,"IDM"
"Pi","all",173.468,0,"IDM"
"Pi","all",175.0128,0,"IDM"
"Pi","all",172.5768,0,"IDM"
"Pi","all",172.8072,0,"IDM"
"Pi","all",172.488,0.25214885310725,"IDM"
"Pi","all",173.9408,0,"IDV"
"Pi","all",173.518,0,"IDV"
"Pi","all",171.212,0,"IDV"
"Pi","all",171.5368,0,"IDM"
"Pi","all",169.778,0.14948489010989,"IDM"
"Pi","all",169.8048,0.407097067285851,"IDM"
"Pi","all",172.1768,0.0931784032855855,"IDM"
"Pi","all",172.7768,0,"IDM"
"Pi","all",171.3688,0,"IDM"
"Pi","all",172.6608,0,"IDM"
"Pi","all",173.452,0,"IDM"
"Pi","all",174.5272,0,"IDM"
"Pi","all",172.8328,0,"IDM"
"Pi","all",170.464,0,"IDM"
"Pi","all",169.934,0,"IDM"
"Pi","all",170.114,0,"IDM"
"Pi","all",171.028,0,"IDM"
"Pi","all",173.736,0,"IDM"
"Pi","all",173.158,0,"IDM"
"Pi","all",171.17,0,"IDM"
"Pi","all",170.27,0,"IDM"
"Pi","all",171.472,0,"IDM"
"Pi","all",171.146,0,"IDM"
"Pi","all",173.256,0,"IDM"
"Pi","all",168.864,0,"IDM"
"Pi","all",168.9352,0,"IDM"
"Pi","all",168.4768,0,"IDM"
"Pi","all",169.354,0,"IDD5"
"Pi","all",170.696,0,"IDM"
"Pi","all",171.832,0,"IDM"
"Pi","all",171.0672,0,"IDM"
"Pi","all",211.3912,0.0378892718183354,"IAL"
"Pi","all",210.4168,0,"IAL"
"Pi","all",210.1168,0,"IAPM"
"Pi","all",211.9072,0,"IAPM"
"Pi","all",210.6632,0,"IAPM"
"Pi","all",211.118,0,"IAPM"
"Pi","all",212.0196,0,"IAPM"
"Pi","all",213.6916,0,"IAPM"
"Pi","all",213.7356,0,"IAPM"
"Pi","all",214.7564,0,"IAPM"
"Pi","all",213.5468,0.0989443699731904,"IAPM"
"Pi","all",213.5636,0,"IAPM"
"Pi","all",213.0968,0,"IAPM"
"Pi","all",212.2664,0,"IAL"
"Pi","all",211.8712,0,"IAL"
"Pi","all",211.8992,0,"IAL"
"Pi","all",211.3288,0,"IAL"
"Pi","all",211.884,0,"IAL"
"Pi","all",212.5584,0,"IAPM"
"Pi","all",212.4096,0,"IAPM"
"Pi","all",211.998,0,"IAPM"
"Pi","all",210.7472,0,"IAPM"
"Pi","all",211.5472,0,"IAPM"
"Pi","all",152.656,0,"IDD5"
"Pi","all",151.339,0,"IDD5"
"Pi","all",162.881,0,"IDD5"
"Pi","all",164.712,0,"IDD5"
"Pi","all",167.47,0,"IDD5"
"Pi","all",205.632,0,"IAL"
"Pi","all",205.908,0,"IAL"
"Pi","all",203.608,0,"IAL"
"Pi","all",208.983,0,"IAL"
"Pi","all",209.9,0,"IAL"
"Pi","all",190.706,0,"IDM"
"Pi","all",188.714,0,"IDM"
"Pi","all",187.365,0,"IDM"
"Pi","all",209.919,0,"IAL"
"Pi","all",209.287,0,"IAL"
"Pi","all",206.676,0.0559525099840755,"IAL"
"Pi","all",205.484,0,"IAL"
"Pi","all",206.506,0,"IAL"
"Pi","all",207.459,0,"IAL"
"Pi","all",208.442,0,"IAL"
"Pi","all",209.073,0,"IAL"
"Pi","all",207.16,0,"IAL"
"Pi","all",208.53,0,"IAL"
"Pi","all",210.3,0,"IAL"
"Pi","all",219.0492,0,"IAL"
"Pi","all",218.8489,0,"IAL"
"Pi","all",220.6792,0,"IAL"
"Pi","all",218.7842,0,"IAL"
"Pi","all",219.9139,0,"IAL"
"Pi","all",217.1767,0,"IAL"
"Pi","all",217.278,0,"IAL"
"Pi","all",218.5447,0,"IAL"
"Pi","all",218.1859,0,"IAL"
"Pi","all",219.3808,0,"IAL"
"Pi","all",211.459,0,"IAL"
"Pi","all",216.7038,0,"IAL"
"Pi","all",219.9862,0,"IAL"
"Pi","all",212.3912,0,"IAL"
"Pi","all",216.6004,0,"IAL"
"Pi","all",216.725,0,"IAL"
"Pi","all",218.2082,0,"IAL"
"Pi","all",218.5304,0,"IAL"
"Pi","all",218.5809,0,"IAL"
"Pi","all",218.9249,0,"IAL"
"Pi","all",151.353,0,"IDD5"
"Pi","all",151.55,0,"IDD5"
"Ial","L",171.5592,0,"IDD5"
"Ial","L",170.882,0,"IDD5"
"Ial","L",171.054,0,"IDD5"
"Ial","L",172.3152,0,"IDD5"
"Ial","L",170.44,0,"IDD5"
"Ial","L",170.526,0,"IDD5"
"Ial","L",170.224,0,"IDD5"
"Ial","L",171.226,0,"IDD5"
"Ial","L",172.178,0,"IDD5"
"Ial","L",173.0272,0,"IDD5"
"Ial","L",173.1072,0,"IDD5"
"Ial","L",173.23,0,"IDD5"
"Ial","L",173.554,0,"IDD5"
"Ial","L",171.772,0,"IDD5"
"Ial","L",171.3608,0,"IDD5"
"Ial","L",170.5688,0,"IDD5"
"Ial","L",171.9712,0,"IDD5"
"Ial","L",173.376,0,"IDD5"
"Ial","L",173.088,0,"IDD5"
"Ial","L",170.724,0,"IDD5"
"Ial","L",170.552,0,"IDD5"
"Ial","L",171.866,0,"IDD5"
"Ial","L",173.268,0,"IDD5"
"Ial","L",173.7648,0,"IDD5"
"Ial","L",173.9288,0,"IDD5"
"Ial","L",173.696,0,"IDD5"
"Ial","L",173.4008,0,"IDD5"
"Ial","L",173.8992,0,"IDD5"
"Ial","L",171.9312,0,"IDD5"
"Ial","L",171.47,0,"IDD5"
"Ial","L",171.0112,0.0563294563159318,"IDD5"
"Ial","L",171.564,0,"IDD5"
"Ial","L",171.0688,0,"IDM"
"Ial","L",171.8832,0,"IDM"
"Ial","L",170.6888,0,"IDM"
"Ial","L",170.826,0,"IDM"
"Ial","L",171.1808,0,"IDM"
"Ial","L",171.126,0,"IDM"
"Ial","L",173.104,0,"IDM"
"Ial","L",171.88,0,"IDM"
"Ial","L",172.07,0,"IDM"
"Ial","L",173.2648,0,"IDM"
"Ial","L",173.0568,0,"IDM"
"Ial","L",174.0688,0,"IDM"
"Ial","L",173.468,0,"IDM"
"Ial","L",175.0128,0,"IDM"
"Ial","L",172.5768,0,"IDM"
"Ial","L",172.8072,0,"IDM"
"Ial","L",172.488,0,"IDM"
"Ial","L",173.9408,0,"IDV"
"Ial","L",173.518,0,"IDV"
"Ial","L",171.212,0,"IDV"
"Ial","L",171.5368,0,"IDM"
"Ial","L",169.778,0,"IDM"
"Ial","L",169.8048,0,"IDM"
"Ial","L",172.1768,0,"IDM"
"Ial","L",172.7768,0,"IDM"
"Ial","L",171.3688,0,"IDM"
"Ial","L",172.6608,0,"IDM"
"Ial","L",173.452,0,"IDM"
"Ial","L",174.5272,0.109571504557215,"IDM"
"Ial","L",172.8328,0,"IDM"
"Ial","L",170.464,0,"IDM"
"Ial","L",169.934,0,"IDM"
"Ial","L",170.114,0,"IDM"
"Ial","L",171.028,0,"IDM"
"Ial","L",173.736,0,"IDM"
"Ial","L",173.158,0,"IDM"
"Ial","L",171.17,0,"IDM"
"Ial","L",170.27,0,"IDM"
"Ial","L",171.472,0,"IDM"
"Ial","L",171.146,0,"IDM"
"Ial","L",173.256,0,"IDM"
"Ial","L",168.864,0,"IDM"
"Ial","L",168.9352,0,"IDM"
"Ial","L",168.4768,0,"IDM"
"Ial","L",169.354,0,"IDD5"
"Ial","L",170.696,0,"IDM"
"Ial","L",171.832,0,"IDM"
"Ial","L",171.0672,0,"IDM"
"Ial","L",211.3912,0.0788189310045428,"IAL"
"Ial","L",210.4168,0.407983979142657,"IAL"
"Ial","L",210.1168,0.218376363500212,"IAPM"
"Ial","L",211.9072,0.0544135630246115,"IAPM"
"Ial","L",210.6632,0.0890062939626611,"IAPM"
"Ial","L",211.118,0.0996050075149382,"IAPM"
"Ial","L",212.0196,0.0495446770336653,"IAPM"
"Ial","L",213.6916,0.160707451201579,"IAPM"
"Ial","L",213.7356,0,"IAPM"
"Ial","L",214.7564,0,"IAPM"
"Ial","L",213.5468,0.0954375718115665,"IAPM"
"Ial","L",213.5636,0.062174920850294,"IAPM"
"Ial","L",213.0968,0.37721257948101,"IAPM"
"Ial","L",212.2664,0.614402846534653,"IAL"
"Ial","L",211.8712,0.698000815993472,"IAL"
"Ial","L",211.8992,0.65538772324503,"IAL"
"Ial","L",211.3288,0.676628046344387,"IAL"
"Ial","L",211.884,0.292665171076676,"IAL"
"Ial","L",212.5584,0.0454426529744579,"IAPM"
"Ial","L",212.4096,0.16467078591523,"IAPM"
"Ial","L",211.998,0.131985145513339,"IAPM"
"Ial","L",210.7472,0.105757824154452,"IAPM"
"Ial","L",211.5472,0.263286038116027,"IAPM"
"Ial","L",162.881,0,"IDD5"
"Ial","L",205.632,0.150033159055507,"IAL"
"Ial","L",205.908,0.187715953771,"IAL"
"Ial","L",203.608,0.180804045964665,"IAL"
"Ial","L",190.706,0,"IDM"
"Ial","L",188.714,0,"IDM"
"Ial","L",187.365,0,"IDM"
"Ial","L",209.919,0.109371144559202,"IAL"
"Ial","L",209.287,0.776489008179959,"IAL"
"Ial","L",206.676,0.0723022152558341,"IAL"
"Ial","L",205.484,0.365543533352432,"IAL"
"Ial","L",206.506,0.309583515769083,"IAL"
"Ial","L",207.459,0.512377260981912,"IAL"
"Ial","L",208.442,1,"IAL"
"Ial","L",209.073,1,"IAL"
"Ial","L",207.16,1,"IAL"
"Ial","L",208.53,0.280287177393287,"IAL"
"Ial","L",210.3,0.0750004905107198,"IAL"
"Ial","R",213.8664,0.169356844659868,"IAL"
"Ial","R",213.9036,0.73445671121441,"IAL"
"Ial","R",215.7856,0.437325624390736,"IAL"
"Ial","R",216.6584,0.0718645933363658,"IAL"
"Ial","R",216.3672,0.0519104029365146,"IAL"
"Ial","R",216.0444,0.195570238176328,"IAL"
"Ial","R",216.3204,0.141733789048495,"IAL"
"Ial","R",215.7388,0.165996635928758,"IAL"
"Ial","R",216.3748,0.149907201401778,"IAL"
"Ial","R",217.6472,0.0758854627549747,"IAL"
"Ial","R",217.4992,0.157092415291641,"IAL"
"Ial","R",217.4512,0.0639992884732669,"IAL"
"Ial","R",216.86,0.0442817429531937,"IAL"
"Ial","R",216.0316,0.14594522019334,"IAL"
"Ial","R",216.1528,0.146508676683712,"IAL"
"Ial","R",216.88,0.0948085055333953,"IAL"
"Ial","R",216.5864,0.309858009971819,"IAL"
"Ial","R",215.1964,0.422617591913263,"IAL"
"Ial","R",214.6016,0.467661848888327,"IAL"
"Ial","R",214.9016,0.179249477202747,"IAL"
"Ial","R",215.5436,0.218247182277497,"IAL"
"Ial","R",215.4492,0.30013251674367,"IAL"
"Ial","R",217.4524,0.0803335985197236,"IAL"
"Ial","R",217.6764,0,"IAL"
"Ial","R",218.6192,0.151409484657172,"IAL"
"Ial","R",218.7924,0,"IAL"
"Ial","R",217.7156,0,"IAL"
"Ial","R",216.6076,0.0549585600167858,"IAL"
"Ial","R",216.4336,0.0814207272201222,"IAL"
"Ial","R",214.8928,0.256938544321722,"IAL"
"Ial","R",214.958,0.176601139077714,"IAL"
"Ial","R",216.9168,0.0974191415290663,"IAL"
"Ial","R",216.4576,0,"IAL"
"Ial","R",215.7588,0.142029644323222,"IAL"
"Ial","R",217.0748,0.135616862988221,"IAL"
"Ial","R",216.6168,0.279035185971959,"IAL"
"Ial","R",217.5376,0.192798834806761,"IAL"
"Ial","R",217.1596,0.113215268993229,"IAL"
"Ial","R",216.3524,0.18516186307705,"IAL"
"Ial","R",218.4772,0.131152547549161,"IAL"
"Ial","R",218.0716,0.133267393737474,"IAL"
"Ial","R",218.318,0,"IAL"
"Ial","R",217.5132,0,"IAL"
"Ial","R",214.1356,0.835785637149028,"IAL"
"Ial","R",212.7516,0.444780420968085,"IAL"
"Ial","R",212.2256,0.413145342606795,"IAL"
"Ial","R",213.6328,1,"IAL"
"Ial","R",214.7216,0.469239335469648,"IAL"
"Ial","R",214.982,0.52481207178719,"IAL"
"Ial","R",214.924,0.647451271094057,"IAL"
"Ial","R",215.1468,0.155224262043702,"IAL"
"Ial","R",216.7568,0,"IAL"
"Ial","R",216.354,0.222068270563043,"IAL"
"Ial","R",216.082,0.187308766795264,"IAL"
"Ial","R",215.8128,0.371635221516887,"IAL"
"Ial","R",216.1248,0.202902240325866,"IAL"
"Ial","R",213.3236,0.22211391623615,"IAL"
"Ial","R",213.8368,0.231987721941398,"IAL"
"Ial","R",212.9916,0.447583176396736,"IAL"
"Ial","R",212.3628,0.312628903064895,"IAL"
"Ial","R",213.4904,0.0772238359438689,"IAL"
"Ial","R",213.6072,0.237683728488072,"IAL"
"Ial","R",214.944,0,"IAL"
"Ial","R",214.9556,0.59904829705122,"IAL"
"Ial","R",215.1232,0.414305607626801,"IAL"
"Ial","R",213.8964,0.261811886901327,"IAL"
"Ial","R",213.2964,0.171042400202696,"IAL"
"Ial","R",212.2204,0.524652204040296,"IAL"
"Ial","R",213.4912,1,"IAL"
"Ial","R",216.6936,0.367262367262367,"IAL"
"Ial","R",213.4104,0.767497439399112,"IAL"
"Ial","R",212.5496,0.143873247802328,"IAL"
"Ial","R",213.4304,1,"IAL"
"Ial","R",213.9212,0.314387839966025,"IAL"
"Ial","R",213.6736,0.650673027773045,"IAL"
"Ial","R",214.2172,0.281070470221694,"IAL"
"Ial","R",214.5752,0.455363916847909,"IAL"
"Ial","R",214.9868,0.242212427222789,"IAL"
"Ial","R",217.3644,0.369056498228603,"IAL"
"Ial","R",216.424,0.349996262054873,"IAL"
"Ial","R",214.73,0.629481698754954,"IAL"
"Ial","R",214.2708,0.160440781251276,"IAL"
"Ial","R",213.912,0.244467765778575,"IAL"
"Ial","R",213.1056,0.381769759171146,"IAL"
"Ial","R",213.2528,0.193602450371312,"IAL"
"Ial","R",213.1272,1,"IAL"
"Ial","R",215.4352,0.207811925462892,"IAL"
"Ial","R",213.2748,1,"IAL"
"Ial","R",213.1136,1,"IAL"
"Ial","R",213.5948,1,"IAL"
"Ial","R",213.7896,0.109998784095975,"IAL"
"Ial","R",214.0632,0.218989441930618,"IAL"
"Ial","R",214.496,0.284170854271357,"IAL"
"Ial","R",215.0448,0.395689517690748,"IAL"
"Ial","R",215.9384,0.31224358458692,"IAL"
"Ial","R",182.2472,0,"IDD5"
"Ial","R",181.886,0,"IDD5"
"Ial","R",181.664,0,"IDD5"
"Ial","R",181.2192,0,"IDD5"
"Ial","R",180.6008,0,"IDD5"
"Ial","R",180.2552,0,"IDD5"
"Ial","R",179.872,0,"IDD5"
"Ial","R",179.102,0,"IDD5"
"Ial","R",178.3488,0,"IDD5"
"Ial","R",181.694,0,"IDD5"
"Ial","R",181.2208,0,"IDD5"
"Ial","R",180.778,0,"IDD5"
"Ial","R",179.8288,0,"IDD5"
"Ial","R",179.47,0,"IDD5"
"Ial","R",179.1632,0,"IDD5"
"Ial","R",179.288,0,"IDD5"
"Ial","R",178.426,0,"IDM"
"Ial","R",180.296,0,"IDD5"
"Ial","R",185.2728,0,"IDD5"
"Ial","R",186.0032,0,"IDM"
"Ial","R",184.918,0,"IDM"
"Ial","R",184.582,0,"IDM"
"Ial","R",184.1112,0,"IDM"
"Ial","R",185.5872,0,"IDM"
"Ial","R",185.988,0,"IDM"
"Ial","R",182.312,0,"IDM"
"Ial","R",182.5912,0.14668500321629,"IDM"
"Ial","R",182.362,0,"IDM"
"Ial","R",181.5008,0,"IDM"
"Ial","R",180.49,0,"IDM"
"Ial","R",183.3368,0,"IDD5"
"Ial","R",183.594,0,"IDD5"
"Ial","R",184.6392,0,"IDD5"
"Ial","R",185.1112,0,"IDD5"
"Ial","R",184.5312,0,"IDD5"
"Ial","R",184.348,0,"IDD5"
"Ial","R",184.222,0,"IDM"
"Ial","R",183.4688,0,"IDM"
"Ial","R",182.542,0,"IDM"
"Ial","R",183.202,0,"IDD5"
"Ial","R",180.018,0,"IDM"
"Ial","R",179.3368,0,"IDM"
"Ial","R",179.1952,0,"IDM"
"Ial","R",179.116,0,"IDM"
"Ial","R",181.4848,0,"IDD5"
"Ial","R",183.1048,0,"IDD5"
"Ial","R",184.468,0,"IDD5"
"Ial","R",184.8968,0,"IDD5"
"Ial","R",184.13,0,"IDD5"
"Ial","R",181.772,0,"IDM"
"Ial","R",182.4168,0,"IDM"
"Ial","R",182.2488,0,"IDM"
"Ial","R",180.852,0,"IDM"
"Ial","R",180.8592,0,"IDM"
"Ial","R",179.6528,0,"IDM"
"Ial","R",181.8832,0,"IDM"
"Ial","R",182.8872,0,"IDM"
"Ial","R",181.0968,0,"IDM"
"Ial","R",181.3872,0,"IDM"
"Ial","R",181.034,0,"IDM"
"Ial","R",176.626,0,"IDM"
"Ial","R",181.826,0,"IDM"
"Ial","R",152.656,0,"IDD5"
"Ial","R",151.339,0,"IDD5"
"Ial","R",164.712,0,"IDD5"
"Ial","R",167.47,0,"IDD5"
"Ial","R",208.983,0.586316770373042,"IAL"
"Ial","R",209.9,0.720431262984454,"IAL"
"Ial","R",219.0492,0.192792183851542,"IAL"
"Ial","R",218.8489,0.102429781542577,"IAL"
"Ial","R",220.6792,0,"IAL"
"Ial","R",218.7842,0,"IAL"
"Ial","R",219.9139,0,"IAL"
"Ial","R",217.1767,0,"IAL"
"Ial","R",217.278,0,"IAL"
"Ial","R",218.5447,0,"IAL"
"Ial","R",218.1859,0,"IAL"
"Ial","R",219.3808,0,"IAL"
"Ial","R",211.459,0.185693842087586,"IAL"
"Ial","R",216.7038,0,"IAL"
"Ial","R",219.9862,0,"IAL"
"Ial","R",212.3912,0.53768159055977,"IAL"
"Ial","R",216.6004,0.219641498044773,"IAL"
"Ial","R",216.725,0.265084983470798,"IAL"
"Ial","R",218.2082,0.505612038677984,"IAL"
"Ial","R",218.5304,0.218559407087161,"IAL"
"Ial","R",218.5809,0.343365633489486,"IAL"
"Ial","R",218.9249,0,"IAL"
"Ial","R",151.353,0,"IDD5"
"Ial","R",151.55,0,"IDD5"
"Ial","all",213.8664,0.169356844659868,"IAL"
"Ial","all",213.9036,0.73445671121441,"IAL"
"Ial","all",215.7856,0.437325624390736,"IAL"
"Ial","all",216.6584,0.0718645933363658,"IAL"
"Ial","all",216.3672,0.0519104029365146,"IAL"
"Ial","all",216.0444,0.195570238176328,"IAL"
"Ial","all",216.3204,0.141733789048495,"IAL"
"Ial","all",215.7388,0.165996635928758,"IAL"
"Ial","all",216.3748,0.149907201401778,"IAL"
"Ial","all",217.6472,0.0758854627549747,"IAL"
"Ial","all",217.4992,0.157092415291641,"IAL"
"Ial","all",217.4512,0.0639992884732669,"IAL"
"Ial","all",216.86,0.0442817429531937,"IAL"
"Ial","all",216.0316,0.14594522019334,"IAL"
"Ial","all",216.1528,0.146508676683712,"IAL"
"Ial","all",216.88,0.0948085055333953,"IAL"
"Ial","all",216.5864,0.309858009971819,"IAL"
"Ial","all",215.1964,0.422617591913263,"IAL"
"Ial","all",214.6016,0.467661848888327,"IAL"
"Ial","all",214.9016,0.179249477202747,"IAL"
"Ial","all",215.5436,0.218247182277497,"IAL"
"Ial","all",215.4492,0.30013251674367,"IAL"
"Ial","all",217.4524,0.0803335985197236,"IAL"
"Ial","all",217.6764,0,"IAL"
"Ial","all",218.6192,0.151409484657172,"IAL"
"Ial","all",218.7924,0,"IAL"
"Ial","all",217.7156,0,"IAL"
"Ial","all",216.6076,0.0549585600167858,"IAL"
"Ial","all",216.4336,0.0814207272201222,"IAL"
"Ial","all",214.8928,0.256938544321722,"IAL"
"Ial","all",214.958,0.176601139077714,"IAL"
"Ial","all",216.9168,0.0974191415290663,"IAL"
"Ial","all",216.4576,0,"IAL"
"Ial","all",215.7588,0.142029644323222,"IAL"
"Ial","all",217.0748,0.135616862988221,"IAL"
"Ial","all",216.6168,0.279035185971959,"IAL"
"Ial","all",217.5376,0.192798834806761,"IAL"
"Ial","all",217.1596,0.113215268993229,"IAL"
"Ial","all",216.3524,0.18516186307705,"IAL"
"Ial","all",218.4772,0.131152547549161,"IAL"
"Ial","all",218.0716,0.133267393737474,"IAL"
"Ial","all",218.318,0,"IAL"
"Ial","all",217.5132,0,"IAL"
"Ial","all",214.1356,0.835785637149028,"IAL"
"Ial","all",212.7516,0.444780420968085,"IAL"
"Ial","all",212.2256,0.413145342606795,"IAL"
"Ial","all",213.6328,1,"IAL"
"Ial","all",214.7216,0.469239335469648,"IAL"
"Ial","all",214.982,0.52481207178719,"IAL"
"Ial","all",214.924,0.647451271094057,"IAL"
"Ial","all",215.1468,0.155224262043702,"IAL"
"Ial","all",216.7568,0,"IAL"
"Ial","all",216.354,0.222068270563043,"IAL"
"Ial","all",216.082,0.187308766795264,"IAL"
"Ial","all",215.8128,0.371635221516887,"IAL"
"Ial","all",216.1248,0.202902240325866,"IAL"
"Ial","all",213.3236,0.22211391623615,"IAL"
"Ial","all",213.8368,0.231987721941398,"IAL"
"Ial","all",212.9916,0.447583176396736,"IAL"
"Ial","all",212.3628,0.312628903064895,"IAL"
"Ial","all",213.4904,0.0772238359438689,"IAL"
"Ial","all",213.6072,0.237683728488072,"IAL"
"Ial","all",214.944,0,"IAL"
"Ial","all",214.9556,0.59904829705122,"IAL"
"Ial","all",215.1232,0.414305607626801,"IAL"
"Ial","all",213.8964,0.261811886901327,"IAL"
"Ial","all",213.2964,0.171042400202696,"IAL"
"Ial","all",212.2204,0.524652204040296,"IAL"
"Ial","all",213.4912,1,"IAL"
"Ial","all",216.6936,0.367262367262367,"IAL"
"Ial","all",213.4104,0.767497439399112,"IAL"
"Ial","all",212.5496,0.143873247802328,"IAL"
"Ial","all",213.4304,1,"IAL"
"Ial","all",213.9212,0.314387839966025,"IAL"
"Ial","all",213.6736,0.650673027773045,"IAL"
"Ial","all",214.2172,0.281070470221694,"IAL"
"Ial","all",214.5752,0.455363916847909,"IAL"
"Ial","all",214.9868,0.242212427222789,"IAL"
"Ial","all",217.3644,0.369056498228603,"IAL"
"Ial","all",216.424,0.349996262054873,"IAL"
"Ial","all",214.73,0.629481698754954,"IAL"
"Ial","all",214.2708,0.160440781251276,"IAL"
"Ial","all",213.912,0.244467765778575,"IAL"
"Ial","all",213.1056,0.381769759171146,"IAL"
"Ial","all",213.2528,0.193602450371312,"IAL"
"Ial","all",213.1272,1,"IAL"
"Ial","all",215.4352,0.207811925462892,"IAL"
"Ial","all",213.2748,1,"IAL"
"Ial","all",213.1136,1,"IAL"
"Ial","all",213.5948,1,"IAL"
"Ial","all",213.7896,0.109998784095975,"IAL"
"Ial","all",214.0632,0.218989441930618,"IAL"
"Ial","all",214.496,0.284170854271357,"IAL"
"Ial","all",215.0448,0.395689517690748,"IAL"
"Ial","all",215.9384,0.31224358458692,"IAL"
"Ial","all",182.2472,0,"IDD5"
"Ial","all",181.886,0,"IDD5"
"Ial","all",181.664,0,"IDD5"
"Ial","all",181.2192,0,"IDD5"
"Ial","all",180.6008,0,"IDD5"
"Ial","all",180.2552,0,"IDD5"
"Ial","all",179.872,0,"IDD5"
"Ial","all",179.102,0,"IDD5"
"Ial","all",178.3488,0,"IDD5"
"Ial","all",181.694,0,"IDD5"
"Ial","all",181.2208,0,"IDD5"
"Ial","all",180.778,0,"IDD5"
"Ial","all",179.8288,0,"IDD5"
"Ial","all",179.47,0,"IDD5"
"Ial","all",179.1632,0,"IDD5"
"Ial","all",179.288,0,"IDD5"
"Ial","all",178.426,0,"IDM"
"Ial","all",180.296,0,"IDD5"
"Ial","all",185.2728,0,"IDD5"
"Ial","all",186.0032,0,"IDM"
"Ial","all",184.918,0,"IDM"
"Ial","all",184.582,0,"IDM"
"Ial","all",184.1112,0,"IDM"
"Ial","all",185.5872,0,"IDM"
"Ial","all",185.988,0,"IDM"
"Ial","all",182.312,0,"IDM"
"Ial","all",182.5912,0.14668500321629,"IDM"
"Ial","all",182.362,0,"IDM"
"Ial","all",181.5008,0,"IDM"
"Ial","all",180.49,0,"IDM"
"Ial","all",183.3368,0,"IDD5"
"Ial","all",183.594,0,"IDD5"
"Ial","all",184.6392,0,"IDD5"
"Ial","all",185.1112,0,"IDD5"
"Ial","all",184.5312,0,"IDD5"
"Ial","all",184.348,0,"IDD5"
"Ial","all",184.222,0,"IDM"
"Ial","all",183.4688,0,"IDM"
"Ial","all",182.542,0,"IDM"
"Ial","all",183.202,0,"IDD5"
"Ial","all",180.018,0,"IDM"
"Ial","all",179.3368,0,"IDM"
"Ial","all",179.1952,0,"IDM"
"Ial","all",179.116,0,"IDM"
"Ial","all",181.4848,0,"IDD5"
"Ial","all",183.1048,0,"IDD5"
"Ial","all",184.468,0,"IDD5"
"Ial","all",184.8968,0,"IDD5"
"Ial","all",184.13,0,"IDD5"
"Ial","all",181.772,0,"IDM"
"Ial","all",182.4168,0,"IDM"
"Ial","all",182.2488,0,"IDM"
"Ial","all",180.852,0,"IDM"
"Ial","all",180.8592,0,"IDM"
"Ial","all",179.6528,0,"IDM"
"Ial","all",181.8832,0,"IDM"
"Ial","all",182.8872,0,"IDM"
"Ial","all",181.0968,0,"IDM"
"Ial","all",181.3872,0,"IDM"
"Ial","all",181.034,0,"IDM"
"Ial","all",176.626,0,"IDM"
"Ial","all",181.826,0,"IDM"
"Ial","all",171.5592,0,"IDD5"
"Ial","all",170.882,0,"IDD5"
"Ial","all",171.054,0,"IDD5"
"Ial","all",172.3152,0,"IDD5"
"Ial","all",170.44,0,"IDD5"
"Ial","all",170.526,0,"IDD5"
"Ial","all",170.224,0,"IDD5"
"Ial","all",171.226,0,"IDD5"
"Ial","all",172.178,0,"IDD5"
"Ial","all",173.0272,0,"IDD5"
"Ial","all",173.1072,0,"IDD5"
"Ial","all",173.23,0,"IDD5"
"Ial","all",173.554,0,"IDD5"
"Ial","all",171.772,0,"IDD5"
"Ial","all",171.3608,0,"IDD5"
"Ial","all",170.5688,0,"IDD5"
"Ial","all",171.9712,0,"IDD5"
"Ial","all",173.376,0,"IDD5"
"Ial","all",173.088,0,"IDD5"
"Ial","all",170.724,0,"IDD5"
"Ial","all",170.552,0,"IDD5"
"Ial","all",171.866,0,"IDD5"
"Ial","all",173.268,0,"IDD5"
"Ial","all",173.7648,0,"IDD5"
"Ial","all",173.9288,0,"IDD5"
"Ial","all",173.696,0,"IDD5"
"Ial","all",173.4008,0,"IDD5"
"Ial","all",173.8992,0,"IDD5"
"Ial","all",171.9312,0,"IDD5"
"Ial","all",171.47,0,"IDD5"
"Ial","all",171.0112,0.0563294563159318,"IDD5"
"Ial","all",171.564,0,"IDD5"
"Ial","all",171.0688,0,"IDM"
"Ial","all",171.8832,0,"IDM"
"Ial","all",170.6888,0,"IDM"
"Ial","all",170.826,0,"IDM"
"Ial","all",171.1808,0,"IDM"
"Ial","all",171.126,0,"IDM"
"Ial","all",173.104,0,"IDM"
"Ial","all",171.88,0,"IDM"
"Ial","all",172.07,0,"IDM"
"Ial","all",173.2648,0,"IDM"
"Ial","all",173.0568,0,"IDM"
"Ial","all",174.0688,0,"IDM"
"Ial","all",173.468,0,"IDM"
"Ial","all",175.0128,0,"IDM"
"Ial","all",172.5768,0,"IDM"
"Ial","all",172.8072,0,"IDM"
"Ial","all",172.488,0,"IDM"
"Ial","all",173.9408,0,"IDV"
"Ial","all",173.518,0,"IDV"
"Ial","all",171.212,0,"IDV"
"Ial","all",171.5368,0,"IDM"
"Ial","all",169.778,0,"IDM"
"Ial","all",169.8048,0,"IDM"
"Ial","all",172.1768,0,"IDM"
"Ial","all",172.7768,0,"IDM"
"Ial","all",171.3688,0,"IDM"
"Ial","all",172.6608,0,"IDM"
"Ial","all",173.452,0,"IDM"
"Ial","all",174.5272,0.109571504557215,"IDM"
"Ial","all",172.8328,0,"IDM"
"Ial","all",170.464,0,"IDM"
"Ial","all",169.934,0,"IDM"
"Ial","all",170.114,0,"IDM"
"Ial","all",171.028,0,"IDM"
"Ial","all",173.736,0,"IDM"
"Ial","all",173.158,0,"IDM"
"Ial","all",171.17,0,"IDM"
"Ial","all",170.27,0,"IDM"
"Ial","all",171.472,0,"IDM"
"Ial","all",171.146,0,"IDM"
"Ial","all",173.256,0,"IDM"
"Ial","all",168.864,0,"IDM"
"Ial","all",168.9352,0,"IDM"
"Ial","all",168.4768,0,"IDM"
"Ial","all",169.354,0,"IDD5"
"Ial","all",170.696,0,"IDM"
"Ial","all",171.832,0,"IDM"
"Ial","all",171.0672,0,"IDM"
"Ial","all",211.3912,0.0788189310045428,"IAL"
"Ial","all",210.4168,0.407983979142657,"IAL"
"Ial","all",210.1168,0.218376363500212,"IAPM"
"Ial","all",211.9072,0.0544135630246115,"IAPM"
"Ial","all",210.6632,0.0890062939626611,"IAPM"
"Ial","all",211.118,0.0996050075149382,"IAPM"
"Ial","all",212.0196,0.0495446770336653,"IAPM"
"Ial","all",213.6916,0.160707451201579,"IAPM"
"Ial","all",213.7356,0,"IAPM"
"Ial","all",214.7564,0,"IAPM"
"Ial","all",213.5468,0.0954375718115665,"IAPM"
"Ial","all",213.5636,0.062174920850294,"IAPM"
"Ial","all",213.0968,0.37721257948101,"IAPM"
"Ial","all",212.2664,0.614402846534653,"IAL"
"Ial","all",211.8712,0.698000815993472,"IAL"
"Ial","all",211.8992,0.65538772324503,"IAL"
"Ial","all",211.3288,0.676628046344387,"IAL"
"Ial","all",211.884,0.292665171076676,"IAL"
"Ial","all",212.5584,0.0454426529744579,"IAPM"
"Ial","all",212.4096,0.16467078591523,"IAPM"
"Ial","all",211.998,0.131985145513339,"IAPM"
"Ial","all",210.7472,0.105757824154452,"IAPM"
"Ial","all",211.5472,0.263286038116027,"IAPM"
"Ial","all",152.656,0,"IDD5"
"Ial","all",151.339,0,"IDD5"
"Ial","all",162.881,0,"IDD5"
"Ial","all",164.712,0,"IDD5"
"Ial","all",167.47,0,"IDD5"
"Ial","all",205.632,0.150033159055507,"IAL"
"Ial","all",205.908,0.187715953771,"IAL"
"Ial","all",203.608,0.180804045964665,"IAL"
"Ial","all",208.983,0.586316770373042,"IAL"
"Ial","all",209.9,0.720431262984454,"IAL"
"Ial","all",190.706,0,"IDM"
"Ial","all",188.714,0,"IDM"
"Ial","all",187.365,0,"IDM"
"Ial","all",209.919,0.109371144559202,"IAL"
"Ial","all",209.287,0.776489008179959,"IAL"
"Ial","all",206.676,0.0723022152558341,"IAL"
"Ial","all",205.484,0.365543533352432,"IAL"
"Ial","all",206.506,0.309583515769083,"IAL"
"Ial","all",207.459,0.512377260981912,"IAL"
"Ial","all",208.442,1,"IAL"
"Ial","all",209.073,1,"IAL"
"Ial","all",207.16,1,"IAL"
"Ial","all",208.53,0.280287177393287,"IAL"
"Ial","all",210.3,0.0750004905107198,"IAL"
"Ial","all",219.0492,0.192792183851542,"IAL"
"Ial","all",218.8489,0.102429781542577,"IAL"
"Ial","all",220.6792,0,"IAL"
"Ial","all",218.7842,0,"IAL"
"Ial","all",219.9139,0,"IAL"
"Ial","all",217.1767,0,"IAL"
"Ial","all",217.278,0,"IAL"
"Ial","all",218.5447,0,"IAL"
"Ial","all",218.1859,0,"IAL"
"Ial","all",219.3808,0,"IAL"
"Ial","all",211.459,0.185693842087586,"IAL"
"Ial","all",216.7038,0,"IAL"
"Ial","all",219.9862,0,"IAL"
"Ial","all",212.3912,0.53768159055977,"IAL"
"Ial","all",216.6004,0.219641498044773,"IAL"
"Ial","all",216.725,0.265084983470798,"IAL"
"Ial","all",218.2082,0.505612038677984,"IAL"
"Ial","all",218.5304,0.218559407087161,"IAL"
"Ial","all",218.5809,0.343365633489486,"IAL"
"Ial","all",218.9249,0,"IAL"
"Ial","all",151.353,0,"IDD5"
"Ial","all",151.55,0,"IDD5"
"Iam/Iapm","L",171.5592,0,"IDD5"
"Iam/Iapm","L",170.882,0,"IDD5"
"Iam/Iapm","L",171.054,0,"IDD5"
"Iam/Iapm","L",172.3152,0,"IDD5"
"Iam/Iapm","L",170.44,0,"IDD5"
"Iam/Iapm","L",170.526,0,"IDD5"
"Iam/Iapm","L",170.224,0,"IDD5"
"Iam/Iapm","L",171.226,0,"IDD5"
"Iam/Iapm","L",172.178,0,"IDD5"
"Iam/Iapm","L",173.0272,0,"IDD5"
"Iam/Iapm","L",173.1072,0,"IDD5"
"Iam/Iapm","L",173.23,0,"IDD5"
"Iam/Iapm","L",173.554,0,"IDD5"
"Iam/Iapm","L",171.772,0,"IDD5"
"Iam/Iapm","L",171.3608,0,"IDD5"
"Iam/Iapm","L",170.5688,0,"IDD5"
"Iam/Iapm","L",171.9712,0,"IDD5"
"Iam/Iapm","L",173.376,0,"IDD5"
"Iam/Iapm","L",173.088,0,"IDD5"
"Iam/Iapm","L",170.724,0,"IDD5"
"Iam/Iapm","L",170.552,0,"IDD5"
"Iam/Iapm","L",171.866,0,"IDD5"
"Iam/Iapm","L",173.268,0,"IDD5"
"Iam/Iapm","L",173.7648,0,"IDD5"
"Iam/Iapm","L",173.9288,0,"IDD5"
"Iam/Iapm","L",173.696,0,"IDD5"
"Iam/Iapm","L",173.4008,0,"IDD5"
"Iam/Iapm","L",173.8992,0,"IDD5"
"Iam/Iapm","L",171.9312,0,"IDD5"
"Iam/Iapm","L",171.47,0,"IDD5"
"Iam/Iapm","L",171.0112,0,"IDD5"
"Iam/Iapm","L",171.564,0,"IDD5"
"Iam/Iapm","L",171.0688,0,"IDM"
"Iam/Iapm","L",171.8832,0,"IDM"
"Iam/Iapm","L",170.6888,0,"IDM"
"Iam/Iapm","L",170.826,0,"IDM"
"Iam/Iapm","L",171.1808,0,"IDM"
"Iam/Iapm","L",171.126,0,"IDM"
"Iam/Iapm","L",173.104,0,"IDM"
"Iam/Iapm","L",171.88,0,"IDM"
"Iam/Iapm","L",172.07,0,"IDM"
"Iam/Iapm","L",173.2648,0,"IDM"
"Iam/Iapm","L",173.0568,0,"IDM"
"Iam/Iapm","L",174.0688,0,"IDM"
"Iam/Iapm","L",173.468,0,"IDM"
"Iam/Iapm","L",175.0128,0,"IDM"
"Iam/Iapm","L",172.5768,0,"IDM"
"Iam/Iapm","L",172.8072,0,"IDM"
"Iam/Iapm","L",172.488,0,"IDM"
"Iam/Iapm","L",173.9408,0,"IDV"
"Iam/Iapm","L",173.518,0,"IDV"
"Iam/Iapm","L",171.212,0.132907712728031,"IDV"
"Iam/Iapm","L",171.5368,0,"IDM"
"Iam/Iapm","L",169.778,0,"IDM"
"Iam/Iapm","L",169.8048,0,"IDM"
"Iam/Iapm","L",172.1768,0,"IDM"
"Iam/Iapm","L",172.7768,0,"IDM"
"Iam/Iapm","L",171.3688,0,"IDM"
"Iam/Iapm","L",172.6608,0,"IDM"
"Iam/Iapm","L",173.452,0,"IDM"
"Iam/Iapm","L",174.5272,0,"IDM"
"Iam/Iapm","L",172.8328,0,"IDM"
"Iam/Iapm","L",170.464,0,"IDM"
"Iam/Iapm","L",169.934,0,"IDM"
"Iam/Iapm","L",170.114,0,"IDM"
"Iam/Iapm","L",171.028,0,"IDM"
"Iam/Iapm","L",173.736,0,"IDM"
"Iam/Iapm","L",173.158,0,"IDM"
"Iam/Iapm","L",171.17,0,"IDM"
"Iam/Iapm","L",170.27,0,"IDM"
"Iam/Iapm","L",171.472,0,"IDM"
"Iam/Iapm","L",171.146,0,"IDM"
"Iam/Iapm","L",173.256,0,"IDM"
"Iam/Iapm","L",168.864,0,"IDM"
"Iam/Iapm","L",168.9352,0,"IDM"
"Iam/Iapm","L",168.4768,0,"IDM"
"Iam/Iapm","L",169.354,0,"IDD5"
"Iam/Iapm","L",170.696,0,"IDM"
"Iam/Iapm","L",171.832,0,"IDM"
"Iam/Iapm","L",171.0672,0,"IDM"
"Iam/Iapm","L",211.3912,0,"IAL"
"Iam/Iapm","L",210.4168,0,"IAL"
"Iam/Iapm","L",210.1168,0.169652291845208,"IAPM"
"Iam/Iapm","L",211.9072,0.0435431977110022,"IAPM"
"Iam/Iapm","L",210.6632,0,"IAPM"
"Iam/Iapm","L",211.118,0.0846942703178269,"IAPM"
"Iam/Iapm","L",212.0196,0.0455351811628692,"IAPM"
"Iam/Iapm","L",213.6916,0.158773643816852,"IAPM"
"Iam/Iapm","L",213.7356,0,"IAPM"
"Iam/Iapm","L",214.7564,0,"IAPM"
"Iam/Iapm","L",213.5468,0.0715003829950211,"IAPM"
"Iam/Iapm","L",213.5636,0.0925486205336952,"IAPM"
"Iam/Iapm","L",213.0968,0,"IAPM"
"Iam/Iapm","L",212.2664,0,"IAL"
"Iam/Iapm","L",211.8712,0,"IAL"
"Iam/Iapm","L",211.8992,0,"IAL"
"Iam/Iapm","L",211.3288,0,"IAL"
"Iam/Iapm","L",211.884,0,"IAL"
"Iam/Iapm","L",212.5584,0.0442442732399236,"IAPM"
"Iam/Iapm","L",212.4096,0,"IAPM"
"Iam/Iapm","L",211.998,0.238075990299111,"IAPM"
"Iam/Iapm","L",210.7472,0.0952492477508897,"IAPM"
"Iam/Iapm","L",211.5472,0.292628662580808,"IAPM"
"Iam/Iapm","L",162.881,0,"IDD5"
"Iam/Iapm","L",205.632,0,"IAL"
"Iam/Iapm","L",205.908,0.112109793875849,"IAL"
"Iam/Iapm","L",203.608,0,"IAL"
"Iam/Iapm","L",190.706,0,"IDM"
"Iam/Iapm","L",188.714,0,"IDM"
"Iam/Iapm","L",187.365,0.0538883072906569,"IDM"
"Iam/Iapm","L",209.919,0.112777151115654,"IAL"
"Iam/Iapm","L",209.287,0,"IAL"
"Iam/Iapm","L",206.676,0,"IAL"
"Iam/Iapm","L",205.484,0.167897044888605,"IAL"
"Iam/Iapm","L",206.506,0,"IAL"
"Iam/Iapm","L",207.459,0.233410852713178,"IAL"
"Iam/Iapm","L",208.442,0,"IAL"
"Iam/Iapm","L",209.073,0,"IAL"
"Iam/Iapm","L",207.16,0,"IAL"
"Iam/Iapm","L",208.53,0,"IAL"
"Iam/Iapm","L",210.3,0.046926459829975,"IAL"
"Iam/Iapm","R",213.8664,0,"IAL"
"Iam/Iapm","R",213.9036,0,"IAL"
"Iam/Iapm","R",215.7856,0,"IAL"
"Iam/Iapm","R",216.6584,0,"IAL"
"Iam/Iapm","R",216.3672,0,"IAL"
"Iam/Iapm","R",216.0444,0,"IAL"
"Iam/Iapm","R",216.3204,0,"IAL"
"Iam/Iapm","R",215.7388,0,"IAL"
"Iam/Iapm","R",216.3748,0,"IAL"
"Iam/Iapm","R",217.6472,0,"IAL"
"Iam/Iapm","R",217.4992,0,"IAL"
"Iam/Iapm","R",217.4512,0,"IAL"
"Iam/Iapm","R",216.86,0,"IAL"
"Iam/Iapm","R",216.0316,0,"IAL"
"Iam/Iapm","R",216.1528,0,"IAL"
"Iam/Iapm","R",216.88,0,"IAL"
"Iam/Iapm","R",216.5864,0,"IAL"
"Iam/Iapm","R",215.1964,0,"IAL"
"Iam/Iapm","R",214.6016,0,"IAL"
"Iam/Iapm","R",214.9016,0,"IAL"
"Iam/Iapm","R",215.5436,0,"IAL"
"Iam/Iapm","R",215.4492,0,"IAL"
"Iam/Iapm","R",217.4524,0.17609568163331,"IAL"
"Iam/Iapm","R",217.6764,0,"IAL"
"Iam/Iapm","R",218.6192,0,"IAL"
"Iam/Iapm","R",218.7924,0,"IAL"
"Iam/Iapm","R",217.7156,0,"IAL"
"Iam/Iapm","R",216.6076,0,"IAL"
"Iam/Iapm","R",216.4336,0,"IAL"
"Iam/Iapm","R",214.8928,0,"IAL"
"Iam/Iapm","R",214.958,0,"IAL"
"Iam/Iapm","R",216.9168,0,"IAL"
"Iam/Iapm","R",216.4576,0,"IAL"
"Iam/Iapm","R",215.7588,0,"IAL"
"Iam/Iapm","R",217.0748,0,"IAL"
"Iam/Iapm","R",216.6168,0,"IAL"
"Iam/Iapm","R",217.5376,0,"IAL"
"Iam/Iapm","R",217.1596,0,"IAL"
"Iam/Iapm","R",216.3524,0,"IAL"
"Iam/Iapm","R",218.4772,0,"IAL"
"Iam/Iapm","R",218.0716,0,"IAL"
"Iam/Iapm","R",218.318,0,"IAL"
"Iam/Iapm","R",217.5132,0,"IAL"
"Iam/Iapm","R",214.1356,0,"IAL"
"Iam/Iapm","R",212.7516,0,"IAL"
"Iam/Iapm","R",212.2256,0,"IAL"
"Iam/Iapm","R",213.6328,0,"IAL"
"Iam/Iapm","R",214.7216,0,"IAL"
"Iam/Iapm","R",214.982,0,"IAL"
"Iam/Iapm","R",214.924,0,"IAL"
"Iam/Iapm","R",215.1468,0,"IAL"
"Iam/Iapm","R",216.7568,0,"IAL"
"Iam/Iapm","R",216.354,0,"IAL"
"Iam/Iapm","R",216.082,0,"IAL"
"Iam/Iapm","R",215.8128,0,"IAL"
"Iam/Iapm","R",216.1248,0.0973596159441373,"IAL"
"Iam/Iapm","R",213.3236,0,"IAL"
"Iam/Iapm","R",213.8368,0,"IAL"
"Iam/Iapm","R",212.9916,0,"IAL"
"Iam/Iapm","R",212.3628,0,"IAL"
"Iam/Iapm","R",213.4904,0,"IAL"
"Iam/Iapm","R",213.6072,0,"IAL"
"Iam/Iapm","R",214.944,0,"IAL"
"Iam/Iapm","R",214.9556,0,"IAL"
"Iam/Iapm","R",215.1232,0,"IAL"
"Iam/Iapm","R",213.8964,0,"IAL"
"Iam/Iapm","R",213.2964,0,"IAL"
"Iam/Iapm","R",212.2204,0,"IAL"
"Iam/Iapm","R",213.4912,0,"IAL"
"Iam/Iapm","R",216.6936,0,"IAL"
"Iam/Iapm","R",213.4104,0,"IAL"
"Iam/Iapm","R",212.5496,0,"IAL"
"Iam/Iapm","R",213.4304,0,"IAL"
"Iam/Iapm","R",213.9212,0,"IAL"
"Iam/Iapm","R",213.6736,0,"IAL"
"Iam/Iapm","R",214.2172,0,"IAL"
"Iam/Iapm","R",214.5752,0,"IAL"
"Iam/Iapm","R",214.9868,0,"IAL"
"Iam/Iapm","R",217.3644,0,"IAL"
"Iam/Iapm","R",216.424,0,"IAL"
"Iam/Iapm","R",214.73,0,"IAL"
"Iam/Iapm","R",214.2708,0.161241310580874,"IAL"
"Iam/Iapm","R",213.912,0,"IAL"
"Iam/Iapm","R",213.1056,0,"IAL"
"Iam/Iapm","R",213.2528,0.0844121131562979,"IAL"
"Iam/Iapm","R",213.1272,0,"IAL"
"Iam/Iapm","R",215.4352,0,"IAL"
"Iam/Iapm","R",213.2748,0,"IAL"
"Iam/Iapm","R",213.1136,0,"IAL"
"Iam/Iapm","R",213.5948,0,"IAL"
"Iam/Iapm","R",213.7896,0.081029870708872,"IAL"
"Iam/Iapm","R",214.0632,0,"IAL"
"Iam/Iapm","R",214.496,0,"IAL"
"Iam/Iapm","R",215.0448,0,"IAL"
"Iam/Iapm","R",215.9384,0,"IAL"
"Iam/Iapm","R",182.2472,0,"IDD5"
"Iam/Iapm","R",181.886,0,"IDD5"
"Iam/Iapm","R",181.664,0,"IDD5"
"Iam/Iapm","R",181.2192,0,"IDD5"
"Iam/Iapm","R",180.6008,0,"IDD5"
"Iam/Iapm","R",180.2552,0,"IDD5"
"Iam/Iapm","R",179.872,0,"IDD5"
"Iam/Iapm","R",179.102,0,"IDD5"
"Iam/Iapm","R",178.3488,0,"IDD5"
"Iam/Iapm","R",181.694,0,"IDD5"
"Iam/Iapm","R",181.2208,0,"IDD5"
"Iam/Iapm","R",180.778,0,"IDD5"
"Iam/Iapm","R",179.8288,0,"IDD5"
"Iam/Iapm","R",179.47,0,"IDD5"
"Iam/Iapm","R",179.1632,0,"IDD5"
"Iam/Iapm","R",179.288,0,"IDD5"
"Iam/Iapm","R",178.426,0,"IDM"
"Iam/Iapm","R",180.296,0,"IDD5"
"Iam/Iapm","R",185.2728,0,"IDD5"
"Iam/Iapm","R",186.0032,0,"IDM"
"Iam/Iapm","R",184.918,0,"IDM"
"Iam/Iapm","R",184.582,0,"IDM"
"Iam/Iapm","R",184.1112,0,"IDM"
"Iam/Iapm","R",185.5872,0,"IDM"
"Iam/Iapm","R",185.988,0,"IDM"
"Iam/Iapm","R",182.312,0,"IDM"
"Iam/Iapm","R",182.5912,0,"IDM"
"Iam/Iapm","R",182.362,0,"IDM"
"Iam/Iapm","R",181.5008,0,"IDM"
"Iam/Iapm","R",180.49,0.122404233134215,"IDM"
"Iam/Iapm","R",183.3368,0,"IDD5"
"Iam/Iapm","R",183.594,0,"IDD5"
"Iam/Iapm","R",184.6392,0,"IDD5"
"Iam/Iapm","R",185.1112,0,"IDD5"
"Iam/Iapm","R",184.5312,0,"IDD5"
"Iam/Iapm","R",184.348,0,"IDD5"
"Iam/Iapm","R",184.222,0,"IDM"
"Iam/Iapm","R",183.4688,0,"IDM"
"Iam/Iapm","R",182.542,0,"IDM"
"Iam/Iapm","R",183.202,0,"IDD5"
"Iam/Iapm","R",180.018,0,"IDM"
"Iam/Iapm","R",179.3368,0,"IDM"
"Iam/Iapm","R",179.1952,0,"IDM"
"Iam/Iapm","R",179.116,0,"IDM"
"Iam/Iapm","R",181.4848,0,"IDD5"
"Iam/Iapm","R",183.1048,0,"IDD5"
"Iam/Iapm","R",184.468,0,"IDD5"
"Iam/Iapm","R",184.8968,0,"IDD5"
"Iam/Iapm","R",184.13,0,"IDD5"
"Iam/Iapm","R",181.772,0,"IDM"
"Iam/Iapm","R",182.4168,0,"IDM"
"Iam/Iapm","R",182.2488,0,"IDM"
"Iam/Iapm","R",180.852,0,"IDM"
"Iam/Iapm","R",180.8592,0,"IDM"
"Iam/Iapm","R",179.6528,0,"IDM"
"Iam/Iapm","R",181.8832,0,"IDM"
"Iam/Iapm","R",182.8872,0,"IDM"
"Iam/Iapm","R",181.0968,0,"IDM"
"Iam/Iapm","R",181.3872,0,"IDM"
"Iam/Iapm","R",181.034,0,"IDM"
"Iam/Iapm","R",176.626,0,"IDM"
"Iam/Iapm","R",181.826,0,"IDM"
"Iam/Iapm","R",152.656,0,"IDD5"
"Iam/Iapm","R",151.339,0,"IDD5"
"Iam/Iapm","R",164.712,0,"IDD5"
"Iam/Iapm","R",167.47,0,"IDD5"
"Iam/Iapm","R",208.983,0,"IAL"
"Iam/Iapm","R",209.9,0,"IAL"
"Iam/Iapm","R",219.0492,0,"IAL"
"Iam/Iapm","R",218.8489,0,"IAL"
"Iam/Iapm","R",220.6792,0,"IAL"
"Iam/Iapm","R",218.7842,0,"IAL"
"Iam/Iapm","R",219.9139,0,"IAL"
"Iam/Iapm","R",217.1767,0,"IAL"
"Iam/Iapm","R",217.278,0,"IAL"
"Iam/Iapm","R",218.5447,0,"IAL"
"Iam/Iapm","R",218.1859,0,"IAL"
"Iam/Iapm","R",219.3808,0,"IAL"
"Iam/Iapm","R",211.459,0.0488456652210102,"IAL"
"Iam/Iapm","R",216.7038,0,"IAL"
"Iam/Iapm","R",219.9862,0,"IAL"
"Iam/Iapm","R",212.3912,0,"IAL"
"Iam/Iapm","R",216.6004,0.084074744770753,"IAL"
"Iam/Iapm","R",216.725,0,"IAL"
"Iam/Iapm","R",218.2082,0,"IAL"
"Iam/Iapm","R",218.5304,0,"IAL"
"Iam/Iapm","R",218.5809,0,"IAL"
"Iam/Iapm","R",218.9249,0,"IAL"
"Iam/Iapm","R",151.353,0,"IDD5"
"Iam/Iapm","R",151.55,0,"IDD5"
"Iam/Iapm","all",213.8664,0,"IAL"
"Iam/Iapm","all",213.9036,0,"IAL"
"Iam/Iapm","all",215.7856,0,"IAL"
"Iam/Iapm","all",216.6584,0,"IAL"
"Iam/Iapm","all",216.3672,0,"IAL"
"Iam/Iapm","all",216.0444,0,"IAL"
"Iam/Iapm","all",216.3204,0,"IAL"
"Iam/Iapm","all",215.7388,0,"IAL"
"Iam/Iapm","all",216.3748,0,"IAL"
"Iam/Iapm","all",217.6472,0,"IAL"
"Iam/Iapm","all",217.4992,0,"IAL"
"Iam/Iapm","all",217.4512,0,"IAL"
"Iam/Iapm","all",216.86,0,"IAL"
"Iam/Iapm","all",216.0316,0,"IAL"
"Iam/Iapm","all",216.1528,0,"IAL"
"Iam/Iapm","all",216.88,0,"IAL"
"Iam/Iapm","all",216.5864,0,"IAL"
"Iam/Iapm","all",215.1964,0,"IAL"
"Iam/Iapm","all",214.6016,0,"IAL"
"Iam/Iapm","all",214.9016,0,"IAL"
"Iam/Iapm","all",215.5436,0,"IAL"
"Iam/Iapm","all",215.4492,0,"IAL"
"Iam/Iapm","all",217.4524,0.17609568163331,"IAL"
"Iam/Iapm","all",217.6764,0,"IAL"
"Iam/Iapm","all",218.6192,0,"IAL"
"Iam/Iapm","all",218.7924,0,"IAL"
"Iam/Iapm","all",217.7156,0,"IAL"
"Iam/Iapm","all",216.6076,0,"IAL"
"Iam/Iapm","all",216.4336,0,"IAL"
"Iam/Iapm","all",214.8928,0,"IAL"
"Iam/Iapm","all",214.958,0,"IAL"
"Iam/Iapm","all",216.9168,0,"IAL"
"Iam/Iapm","all",216.4576,0,"IAL"
"Iam/Iapm","all",215.7588,0,"IAL"
"Iam/Iapm","all",217.0748,0,"IAL"
"Iam/Iapm","all",216.6168,0,"IAL"
"Iam/Iapm","all",217.5376,0,"IAL"
"Iam/Iapm","all",217.1596,0,"IAL"
"Iam/Iapm","all",216.3524,0,"IAL"
"Iam/Iapm","all",218.4772,0,"IAL"
"Iam/Iapm","all",218.0716,0,"IAL"
"Iam/Iapm","all",218.318,0,"IAL"
"Iam/Iapm","all",217.5132,0,"IAL"
"Iam/Iapm","all",214.1356,0,"IAL"
"Iam/Iapm","all",212.7516,0,"IAL"
"Iam/Iapm","all",212.2256,0,"IAL"
"Iam/Iapm","all",213.6328,0,"IAL"
"Iam/Iapm","all",214.7216,0,"IAL"
"Iam/Iapm","all",214.982,0,"IAL"
"Iam/Iapm","all",214.924,0,"IAL"
"Iam/Iapm","all",215.1468,0,"IAL"
"Iam/Iapm","all",216.7568,0,"IAL"
"Iam/Iapm","all",216.354,0,"IAL"
"Iam/Iapm","all",216.082,0,"IAL"
"Iam/Iapm","all",215.8128,0,"IAL"
"Iam/Iapm","all",216.1248,0.0973596159441373,"IAL"
"Iam/Iapm","all",213.3236,0,"IAL"
"Iam/Iapm","all",213.8368,0,"IAL"
"Iam/Iapm","all",212.9916,0,"IAL"
"Iam/Iapm","all",212.3628,0,"IAL"
"Iam/Iapm","all",213.4904,0,"IAL"
"Iam/Iapm","all",213.6072,0,"IAL"
"Iam/Iapm","all",214.944,0,"IAL"
"Iam/Iapm","all",214.9556,0,"IAL"
"Iam/Iapm","all",215.1232,0,"IAL"
"Iam/Iapm","all",213.8964,0,"IAL"
"Iam/Iapm","all",213.2964,0,"IAL"
"Iam/Iapm","all",212.2204,0,"IAL"
"Iam/Iapm","all",213.4912,0,"IAL"
"Iam/Iapm","all",216.6936,0,"IAL"
"Iam/Iapm","all",213.4104,0,"IAL"
"Iam/Iapm","all",212.5496,0,"IAL"
"Iam/Iapm","all",213.4304,0,"IAL"
"Iam/Iapm","all",213.9212,0,"IAL"
"Iam/Iapm","all",213.6736,0,"IAL"
"Iam/Iapm","all",214.2172,0,"IAL"
"Iam/Iapm","all",214.5752,0,"IAL"
"Iam/Iapm","all",214.9868,0,"IAL"
"Iam/Iapm","all",217.3644,0,"IAL"
"Iam/Iapm","all",216.424,0,"IAL"
"Iam/Iapm","all",214.73,0,"IAL"
"Iam/Iapm","all",214.2708,0.161241310580874,"IAL"
"Iam/Iapm","all",213.912,0,"IAL"
"Iam/Iapm","all",213.1056,0,"IAL"
"Iam/Iapm","all",213.2528,0.0844121131562979,"IAL"
"Iam/Iapm","all",213.1272,0,"IAL"
"Iam/Iapm","all",215.4352,0,"IAL"
"Iam/Iapm","all",213.2748,0,"IAL"
"Iam/Iapm","all",213.1136,0,"IAL"
"Iam/Iapm","all",213.5948,0,"IAL"
"Iam/Iapm","all",213.7896,0.081029870708872,"IAL"
"Iam/Iapm","all",214.0632,0,"IAL"
"Iam/Iapm","all",214.496,0,"IAL"
"Iam/Iapm","all",215.0448,0,"IAL"
"Iam/Iapm","all",215.9384,0,"IAL"
"Iam/Iapm","all",182.2472,0,"IDD5"
"Iam/Iapm","all",181.886,0,"IDD5"
"Iam/Iapm","all",181.664,0,"IDD5"
"Iam/Iapm","all",181.2192,0,"IDD5"
"Iam/Iapm","all",180.6008,0,"IDD5"
"Iam/Iapm","all",180.2552,0,"IDD5"
"Iam/Iapm","all",179.872,0,"IDD5"
"Iam/Iapm","all",179.102,0,"IDD5"
"Iam/Iapm","all",178.3488,0,"IDD5"
"Iam/Iapm","all",181.694,0,"IDD5"
"Iam/Iapm","all",181.2208,0,"IDD5"
"Iam/Iapm","all",180.778,0,"IDD5"
"Iam/Iapm","all",179.8288,0,"IDD5"
"Iam/Iapm","all",179.47,0,"IDD5"
"Iam/Iapm","all",179.1632,0,"IDD5"
"Iam/Iapm","all",179.288,0,"IDD5"
"Iam/Iapm","all",178.426,0,"IDM"
"Iam/Iapm","all",180.296,0,"IDD5"
"Iam/Iapm","all",185.2728,0,"IDD5"
"Iam/Iapm","all",186.0032,0,"IDM"
"Iam/Iapm","all",184.918,0,"IDM"
"Iam/Iapm","all",184.582,0,"IDM"
"Iam/Iapm","all",184.1112,0,"IDM"
"Iam/Iapm","all",185.5872,0,"IDM"
"Iam/Iapm","all",185.988,0,"IDM"
"Iam/Iapm","all",182.312,0,"IDM"
"Iam/Iapm","all",182.5912,0,"IDM"
"Iam/Iapm","all",182.362,0,"IDM"
"Iam/Iapm","all",181.5008,0,"IDM"
"Iam/Iapm","all",180.49,0.122404233134215,"IDM"
"Iam/Iapm","all",183.3368,0,"IDD5"
"Iam/Iapm","all",183.594,0,"IDD5"
"Iam/Iapm","all",184.6392,0,"IDD5"
"Iam/Iapm","all",185.1112,0,"IDD5"
"Iam/Iapm","all",184.5312,0,"IDD5"
"Iam/Iapm","all",184.348,0,"IDD5"
"Iam/Iapm","all",184.222,0,"IDM"
"Iam/Iapm","all",183.4688,0,"IDM"
"Iam/Iapm","all",182.542,0,"IDM"
"Iam/Iapm","all",183.202,0,"IDD5"
"Iam/Iapm","all",180.018,0,"IDM"
"Iam/Iapm","all",179.3368,0,"IDM"
"Iam/Iapm","all",179.1952,0,"IDM"
"Iam/Iapm","all",179.116,0,"IDM"
"Iam/Iapm","all",181.4848,0,"IDD5"
"Iam/Iapm","all",183.1048,0,"IDD5"
"Iam/Iapm","all",184.468,0,"IDD5"
"Iam/Iapm","all",184.8968,0,"IDD5"
"Iam/Iapm","all",184.13,0,"IDD5"
"Iam/Iapm","all",181.772,0,"IDM"
"Iam/Iapm","all",182.4168,0,"IDM"
"Iam/Iapm","all",182.2488,0,"IDM"
"Iam/Iapm","all",180.852,0,"IDM"
"Iam/Iapm","all",180.8592,0,"IDM"
"Iam/Iapm","all",179.6528,0,"IDM"
"Iam/Iapm","all",181.8832,0,"IDM"
"Iam/Iapm","all",182.8872,0,"IDM"
"Iam/Iapm","all",181.0968,0,"IDM"
"Iam/Iapm","all",181.3872,0,"IDM"
"Iam/Iapm","all",181.034,0,"IDM"
"Iam/Iapm","all",176.626,0,"IDM"
"Iam/Iapm","all",181.826,0,"IDM"
"Iam/Iapm","all",171.5592,0,"IDD5"
"Iam/Iapm","all",170.882,0,"IDD5"
"Iam/Iapm","all",171.054,0,"IDD5"
"Iam/Iapm","all",172.3152,0,"IDD5"
"Iam/Iapm","all",170.44,0,"IDD5"
"Iam/Iapm","all",170.526,0,"IDD5"
"Iam/Iapm","all",170.224,0,"IDD5"
"Iam/Iapm","all",171.226,0,"IDD5"
"Iam/Iapm","all",172.178,0,"IDD5"
"Iam/Iapm","all",173.0272,0,"IDD5"
"Iam/Iapm","all",173.1072,0,"IDD5"
"Iam/Iapm","all",173.23,0,"IDD5"
"Iam/Iapm","all",173.554,0,"IDD5"
"Iam/Iapm","all",171.772,0,"IDD5"
"Iam/Iapm","all",171.3608,0,"IDD5"
"Iam/Iapm","all",170.5688,0,"IDD5"
"Iam/Iapm","all",171.9712,0,"IDD5"
"Iam/Iapm","all",173.376,0,"IDD5"
"Iam/Iapm","all",173.088,0,"IDD5"
"Iam/Iapm","all",170.724,0,"IDD5"
"Iam/Iapm","all",170.552,0,"IDD5"
"Iam/Iapm","all",171.866,0,"IDD5"
"Iam/Iapm","all",173.268,0,"IDD5"
"Iam/Iapm","all",173.7648,0,"IDD5"
"Iam/Iapm","all",173.9288,0,"IDD5"
"Iam/Iapm","all",173.696,0,"IDD5"
"Iam/Iapm","all",173.4008,0,"IDD5"
"Iam/Iapm","all",173.8992,0,"IDD5"
"Iam/Iapm","all",171.9312,0,"IDD5"
"Iam/Iapm","all",171.47,0,"IDD5"
"Iam/Iapm","all",171.0112,0,"IDD5"
"Iam/Iapm","all",171.564,0,"IDD5"
"Iam/Iapm","all",171.0688,0,"IDM"
"Iam/Iapm","all",171.8832,0,"IDM"
"Iam/Iapm","all",170.6888,0,"IDM"
"Iam/Iapm","all",170.826,0,"IDM"
"Iam/Iapm","all",171.1808,0,"IDM"
"Iam/Iapm","all",171.126,0,"IDM"
"Iam/Iapm","all",173.104,0,"IDM"
"Iam/Iapm","all",171.88,0,"IDM"
"Iam/Iapm","all",172.07,0,"IDM"
"Iam/Iapm","all",173.2648,0,"IDM"
"Iam/Iapm","all",173.0568,0,"IDM"
"Iam/Iapm","all",174.0688,0,"IDM"
"Iam/Iapm","all",173.468,0,"IDM"
"Iam/Iapm","all",175.0128,0,"IDM"
"Iam/Iapm","all",172.5768,0,"IDM"
"Iam/Iapm","all",172.8072,0,"IDM"
"Iam/Iapm","all",172.488,0,"IDM"
"Iam/Iapm","all",173.9408,0,"IDV"
"Iam/Iapm","all",173.518,0,"IDV"
"Iam/Iapm","all",171.212,0.132907712728031,"IDV"
"Iam/Iapm","all",171.5368,0,"IDM"
"Iam/Iapm","all",169.778,0,"IDM"
"Iam/Iapm","all",169.8048,0,"IDM"
"Iam/Iapm","all",172.1768,0,"IDM"
"Iam/Iapm","all",172.7768,0,"IDM"
"Iam/Iapm","all",171.3688,0,"IDM"
"Iam/Iapm","all",172.6608,0,"IDM"
"Iam/Iapm","all",173.452,0,"IDM"
"Iam/Iapm","all",174.5272,0,"IDM"
"Iam/Iapm","all",172.8328,0,"IDM"
"Iam/Iapm","all",170.464,0,"IDM"
"Iam/Iapm","all",169.934,0,"IDM"
"Iam/Iapm","all",170.114,0,"IDM"
"Iam/Iapm","all",171.028,0,"IDM"
"Iam/Iapm","all",173.736,0,"IDM"
"Iam/Iapm","all",173.158,0,"IDM"
"Iam/Iapm","all",171.17,0,"IDM"
"Iam/Iapm","all",170.27,0,"IDM"
"Iam/Iapm","all",171.472,0,"IDM"
"Iam/Iapm","all",171.146,0,"IDM"
"Iam/Iapm","all",173.256,0,"IDM"
"Iam/Iapm","all",168.864,0,"IDM"
"Iam/Iapm","all",168.9352,0,"IDM"
"Iam/Iapm","all",168.4768,0,"IDM"
"Iam/Iapm","all",169.354,0,"IDD5"
"Iam/Iapm","all",170.696,0,"IDM"
"Iam/Iapm","all",171.832,0,"IDM"
"Iam/Iapm","all",171.0672,0,"IDM"
"Iam/Iapm","all",211.3912,0,"IAL"
"Iam/Iapm","all",210.4168,0,"IAL"
"Iam/Iapm","all",210.1168,0.169652291845208,"IAPM"
"Iam/Iapm","all",211.9072,0.0435431977110022,"IAPM"
"Iam/Iapm","all",210.6632,0,"IAPM"
"Iam/Iapm","all",211.118,0.0846942703178269,"IAPM"
"Iam/Iapm","all",212.0196,0.0455351811628692,"IAPM"
"Iam/Iapm","all",213.6916,0.158773643816852,"IAPM"
"Iam/Iapm","all",213.7356,0,"IAPM"
"Iam/Iapm","all",214.7564,0,"IAPM"
"Iam/Iapm","all",213.5468,0.0715003829950211,"IAPM"
"Iam/Iapm","all",213.5636,0.0925486205336952,"IAPM"
"Iam/Iapm","all",213.0968,0,"IAPM"
"Iam/Iapm","all",212.2664,0,"IAL"
"Iam/Iapm","all",211.8712,0,"IAL"
"Iam/Iapm","all",211.8992,0,"IAL"
"Iam/Iapm","all",211.3288,0,"IAL"
"Iam/Iapm","all",211.884,0,"IAL"
"Iam/Iapm","all",212.5584,0.0442442732399236,"IAPM"
"Iam/Iapm","all",212.4096,0,"IAPM"
"Iam/Iapm","all",211.998,0.238075990299111,"IAPM"
"Iam/Iapm","all",210.7472,0.0952492477508897,"IAPM"
"Iam/Iapm","all",211.5472,0.292628662580808,"IAPM"
"Iam/Iapm","all",152.656,0,"IDD5"
"Iam/Iapm","all",151.339,0,"IDD5"
"Iam/Iapm","all",162.881,0,"IDD5"
"Iam/Iapm","all",164.712,0,"IDD5"
"Iam/Iapm","all",167.47,0,"IDD5"
"Iam/Iapm","all",205.632,0,"IAL"
"Iam/Iapm","all",205.908,0.112109793875849,"IAL"
"Iam/Iapm","all",203.608,0,"IAL"
"Iam/Iapm","all",208.983,0,"IAL"
"Iam/Iapm","all",209.9,0,"IAL"
"Iam/Iapm","all",190.706,0,"IDM"
"Iam/Iapm","all",188.714,0,"IDM"
"Iam/Iapm","all",187.365,0.0538883072906569,"IDM"
"Iam/Iapm","all",209.919,0.112777151115654,"IAL"
"Iam/Iapm","all",209.287,0,"IAL"
"Iam/Iapm","all",206.676,0,"IAL"
"Iam/Iapm","all",205.484,0.167897044888605,"IAL"
"Iam/Iapm","all",206.506,0,"IAL"
"Iam/Iapm","all",207.459,0.233410852713178,"IAL"
"Iam/Iapm","all",208.442,0,"IAL"
"Iam/Iapm","all",209.073,0,"IAL"
"Iam/Iapm","all",207.16,0,"IAL"
"Iam/Iapm","all",208.53,0,"IAL"
"Iam/Iapm","all",210.3,0.046926459829975,"IAL"
"Iam/Iapm","all",219.0492,0,"IAL"
"Iam/Iapm","all",218.8489,0,"IAL"
"Iam/Iapm","all",220.6792,0,"IAL"
"Iam/Iapm","all",218.7842,0,"IAL"
"Iam/Iapm","all",219.9139,0,"IAL"
"Iam/Iapm","all",217.1767,0,"IAL"
"Iam/Iapm","all",217.278,0,"IAL"
"Iam/Iapm","all",218.5447,0,"IAL"
"Iam/Iapm","all",218.1859,0,"IAL"
"Iam/Iapm","all",219.3808,0,"IAL"
"Iam/Iapm","all",211.459,0.0488456652210102,"IAL"
"Iam/Iapm","all",216.7038,0,"IAL"
"Iam/Iapm","all",219.9862,0,"IAL"
"Iam/Iapm","all",212.3912,0,"IAL"
"Iam/Iapm","all",216.6004,0.084074744770753,"IAL"
"Iam/Iapm","all",216.725,0,"IAL"
"Iam/Iapm","all",218.2082,0,"IAL"
"Iam/Iapm","all",218.5304,0,"IAL"
"Iam/Iapm","all",218.5809,0,"IAL"
"Iam/Iapm","all",218.9249,0,"IAL"
"Iam/Iapm","all",151.353,0,"IDD5"
"Iam/Iapm","all",151.55,0,"IDD5"
"Ia/Id","L",171.5592,0.232297849972436,"IDD5"
"Ia/Id","L",170.882,0.123903227561338,"IDD5"
"Ia/Id","L",171.054,0.380836047774159,"IDD5"
"Ia/Id","L",172.3152,0.549365460949293,"IDD5"
"Ia/Id","L",170.44,0.510088747488279,"IDD5"
"Ia/Id","L",170.526,0,"IDD5"
"Ia/Id","L",170.224,0.140517983457465,"IDD5"
"Ia/Id","L",171.226,0.136271842814887,"IDD5"
"Ia/Id","L",172.178,0.064924412588648,"IDD5"
"Ia/Id","L",173.0272,0.0847834258297035,"IDD5"
"Ia/Id","L",173.1072,0.0707175515286211,"IDD5"
"Ia/Id","L",173.23,0.113796823728681,"IDD5"
"Ia/Id","L",173.554,0.346965741725483,"IDD5"
"Ia/Id","L",171.772,0.0307170651015759,"IDD5"
"Ia/Id","L",171.3608,0,"IDD5"
"Ia/Id","L",170.5688,0,"IDD5"
"Ia/Id","L",171.9712,0,"IDD5"
"Ia/Id","L",173.376,0,"IDD5"
"Ia/Id","L",173.088,0,"IDD5"
"Ia/Id","L",170.724,0,"IDD5"
"Ia/Id","L",170.552,0,"IDD5"
"Ia/Id","L",171.866,0,"IDD5"
"Ia/Id","L",173.268,0.0890606872094975,"IDD5"
"Ia/Id","L",173.7648,0.167603303774526,"IDD5"
"Ia/Id","L",173.9288,0.734242338162421,"IDD5"
"Ia/Id","L",173.696,0.253561708024685,"IDD5"
"Ia/Id","L",173.4008,0.291409612386574,"IDD5"
"Ia/Id","L",173.8992,0.354797687861272,"IDD5"
"Ia/Id","L",171.9312,0.256565387939632,"IDD5"
"Ia/Id","L",171.47,0.30453438219322,"IDD5"
"Ia/Id","L",171.0112,0.187381660806059,"IDD5"
"Ia/Id","L",171.564,0.280791936066825,"IDD5"
"Ia/Id","L",171.0688,0.459745961462692,"IDM"
"Ia/Id","L",171.8832,0.363018145781362,"IDM"
"Ia/Id","L",170.6888,1,"IDM"
"Ia/Id","L",170.826,1,"IDM"
"Ia/Id","L",171.1808,1,"IDM"
"Ia/Id","L",171.126,1,"IDM"
"Ia/Id","L",173.104,0.256322204790064,"IDM"
"Ia/Id","L",171.88,0.299462154613236,"IDM"
"Ia/Id","L",172.07,0.168929001203369,"IDM"
"Ia/Id","L",173.2648,0.239857905945606,"IDM"
"Ia/Id","L",173.0568,0.169390438119262,"IDM"
"Ia/Id","L",174.0688,1,"IDM"
"Ia/Id","L",173.468,0.509421464554027,"IDM"
"Ia/Id","L",175.0128,0.0729507844632253,"IDM"
"Ia/Id","L",172.5768,0.421849992326413,"IDM"
"Ia/Id","L",172.8072,0.263009157359854,"IDM"
"Ia/Id","L",172.488,0.46118660255014,"IDM"
"Ia/Id","L",173.9408,1,"IDV"
"Ia/Id","L",173.518,0.16001563146522,"IDV"
"Ia/Id","L",171.212,0.295126205285155,"IDV"
"Ia/Id","L",171.5368,0.468973951851693,"IDM"
"Ia/Id","L",169.778,0.420741758241758,"IDM"
"Ia/Id","L",169.8048,0.592902932714149,"IDM"
"Ia/Id","L",172.1768,0.505419212661525,"IDM"
"Ia/Id","L",172.7768,1,"IDM"
"Ia/Id","L",171.3688,1,"IDM"
"Ia/Id","L",172.6608,0.619263275394674,"IDM"
"Ia/Id","L",173.452,1,"IDM"
"Ia/Id","L",174.5272,0.233576444921252,"IDM"
"Ia/Id","L",172.8328,1,"IDM"
"Ia/Id","L",170.464,0.316125668100639,"IDM"
"Ia/Id","L",169.934,1,"IDM"
"Ia/Id","L",170.114,1,"IDM"
"Ia/Id","L",171.028,0.200745863729146,"IDM"
"Ia/Id","L",173.736,1,"IDM"
"Ia/Id","L",173.158,1,"IDM"
"Ia/Id","L",171.17,1,"IDM"
"Ia/Id","L",170.27,1,"IDM"
"Ia/Id","L",171.472,1,"IDM"
"Ia/Id","L",171.146,0.270711883881651,"IDM"
"Ia/Id","L",173.256,1,"IDM"
"Ia/Id","L",168.864,0.406894228137042,"IDM"
"Ia/Id","L",168.9352,0.577227722772277,"IDM"
"Ia/Id","L",168.4768,0.550458435207824,"IDM"
"Ia/Id","L",169.354,0.587616957375534,"IDD5"
"Ia/Id","L",170.696,0.824746465319417,"IDM"
"Ia/Id","L",171.832,1,"IDM"
"Ia/Id","L",171.0672,0.749758202514694,"IDM"
"Ia/Id","L",211.3912,0.0528985915242535,"IAL"
"Ia/Id","L",210.4168,0,"IAL"
"Ia/Id","L",210.1168,0,"IAPM"
"Ia/Id","L",211.9072,0.0422799748305216,"IAPM"
"Ia/Id","L",210.6632,0.0676403978524465,"IAPM"
"Ia/Id","L",211.118,0,"IAPM"
"Ia/Id","L",212.0196,0.0632086928178102,"IAPM"
"Ia/Id","L",213.6916,0,"IAPM"
"Ia/Id","L",213.7356,0,"IAPM"
"Ia/Id","L",214.7564,0,"IAPM"
"Ia/Id","L",213.5468,0,"IAPM"
"Ia/Id","L",213.5636,0,"IAPM"
"Ia/Id","L",213.0968,0,"IAPM"
"Ia/Id","L",212.2664,0,"IAL"
"Ia/Id","L",211.8712,0,"IAL"
"Ia/Id","L",211.8992,0,"IAL"
"Ia/Id","L",211.3288,0,"IAL"
"Ia/Id","L",211.884,0,"IAL"
"Ia/Id","L",212.5584,0,"IAPM"
"Ia/Id","L",212.4096,0,"IAPM"
"Ia/Id","L",211.998,0,"IAPM"
"Ia/Id","L",210.7472,0,"IAPM"
"Ia/Id","L",211.5472,0,"IAPM"
"Ia/Id","L",162.881,0,"IDD5"
"Ia/Id","L",205.632,0,"IAL"
"Ia/Id","L",205.908,0,"IAL"
"Ia/Id","L",203.608,0,"IAL"
"Ia/Id","L",190.706,0.494316394842072,"IDM"
"Ia/Id","L",188.714,0.130914892723685,"IDM"
"Ia/Id","L",187.365,0.0890233027024931,"IDM"
"Ia/Id","L",209.919,0.0963463639888611,"IAL"
"Ia/Id","L",209.287,0,"IAL"
"Ia/Id","L",206.676,0.0148295133996437,"IAL"
"Ia/Id","L",205.484,0,"IAL"
"Ia/Id","L",206.506,0.258687258687259,"IAL"
"Ia/Id","L",207.459,0,"IAL"
"Ia/Id","L",208.442,0,"IAL"
"Ia/Id","L",209.073,0,"IAL"
"Ia/Id","L",207.16,0,"IAL"
"Ia/Id","L",208.53,0,"IAL"
"Ia/Id","L",210.3,0,"IAL"
"Ia/Id","R",213.8664,0.139824270088941,"IAL"
"Ia/Id","R",213.9036,0,"IAL"
"Ia/Id","R",215.7856,0,"IAL"
"Ia/Id","R",216.6584,0,"IAL"
"Ia/Id","R",216.3672,0,"IAL"
"Ia/Id","R",216.0444,0,"IAL"
"Ia/Id","R",216.3204,0,"IAL"
"Ia/Id","R",215.7388,0,"IAL"
"Ia/Id","R",216.3748,0,"IAL"
"Ia/Id","R",217.6472,0.100668209561409,"IAL"
"Ia/Id","R",217.4992,0,"IAL"
"Ia/Id","R",217.4512,0,"IAL"
"Ia/Id","R",216.86,0,"IAL"
"Ia/Id","R",216.0316,0,"IAL"
"Ia/Id","R",216.1528,0,"IAL"
"Ia/Id","R",216.88,0.127319077467534,"IAL"
"Ia/Id","R",216.5864,0,"IAL"
"Ia/Id","R",215.1964,0,"IAL"
"Ia/Id","R",214.6016,0,"IAL"
"Ia/Id","R",214.9016,0,"IAL"
"Ia/Id","R",215.5436,0,"IAL"
"Ia/Id","R",215.4492,0,"IAL"
"Ia/Id","R",217.4524,0,"IAL"
"Ia/Id","R",217.6764,0,"IAL"
"Ia/Id","R",218.6192,0,"IAL"
"Ia/Id","R",218.7924,0,"IAL"
"Ia/Id","R",217.7156,0,"IAL"
"Ia/Id","R",216.6076,0,"IAL"
"Ia/Id","R",216.4336,0.149098365295712,"IAL"
"Ia/Id","R",214.8928,0.059303313508921,"IAL"
"Ia/Id","R",214.958,0,"IAL"
"Ia/Id","R",216.9168,0,"IAL"
"Ia/Id","R",216.4576,0,"IAL"
"Ia/Id","R",215.7588,0.0522908229330248,"IAL"
"Ia/Id","R",217.0748,0,"IAL"
"Ia/Id","R",216.6168,0,"IAL"
"Ia/Id","R",217.5376,0.384022626426854,"IAL"
"Ia/Id","R",217.1596,0,"IAL"
"Ia/Id","R",216.3524,0.221715253117516,"IAL"
"Ia/Id","R",218.4772,0,"IAL"
"Ia/Id","R",218.0716,0,"IAL"
"Ia/Id","R",218.318,0,"IAL"
"Ia/Id","R",217.5132,0,"IAL"
"Ia/Id","R",214.1356,0,"IAL"
"Ia/Id","R",212.7516,0,"IAL"
"Ia/Id","R",212.2256,0,"IAL"
"Ia/Id","R",213.6328,0,"IAL"
"Ia/Id","R",214.7216,0.509761141792232,"IAL"
"Ia/Id","R",214.982,0,"IAL"
"Ia/Id","R",214.924,0,"IAL"
"Ia/Id","R",215.1468,0,"IAL"
"Ia/Id","R",216.7568,0,"IAL"
"Ia/Id","R",216.354,0,"IAL"
"Ia/Id","R",216.082,0,"IAL"
"Ia/Id","R",215.8128,0,"IAL"
"Ia/Id","R",216.1248,0,"IAL"
"Ia/Id","R",213.3236,0.207915001462131,"IAL"
"Ia/Id","R",213.8368,0.30472677095507,"IAL"
"Ia/Id","R",212.9916,0.311789077212806,"IAL"
"Ia/Id","R",212.3628,0.242385725934098,"IAL"
"Ia/Id","R",213.4904,0.0894204057080896,"IAL"
"Ia/Id","R",213.6072,0,"IAL"
"Ia/Id","R",214.944,0,"IAL"
"Ia/Id","R",214.9556,0,"IAL"
"Ia/Id","R",215.1232,0.271383428846875,"IAL"
"Ia/Id","R",213.8964,0.209232544720138,"IAL"
"Ia/Id","R",213.2964,0.194020461832828,"IAL"
"Ia/Id","R",212.2204,0,"IAL"
"Ia/Id","R",213.4912,0,"IAL"
"Ia/Id","R",216.6936,0,"IAL"
"Ia/Id","R",213.4104,0,"IAL"
"Ia/Id","R",212.5496,0,"IAL"
"Ia/Id","R",213.4304,0,"IAL"
"Ia/Id","R",213.9212,0.360164917806522,"IAL"
"Ia/Id","R",213.6736,0,"IAL"
"Ia/Id","R",214.2172,0,"IAL"
"Ia/Id","R",214.5752,0,"IAL"
"Ia/Id","R",214.9868,0,"IAL"
"Ia/Id","R",217.3644,0,"IAL"
"Ia/Id","R",216.424,0,"IAL"
"Ia/Id","R",214.73,0,"IAL"
"Ia/Id","R",214.2708,0,"IAL"
"Ia/Id","R",213.912,0.182335217847591,"IAL"
"Ia/Id","R",213.1056,0,"IAL"
"Ia/Id","R",213.2528,0,"IAL"
"Ia/Id","R",213.1272,0,"IAL"
"Ia/Id","R",215.4352,0,"IAL"
"Ia/Id","R",213.2748,0,"IAL"
"Ia/Id","R",213.1136,0,"IAL"
"Ia/Id","R",213.5948,0,"IAL"
"Ia/Id","R",213.7896,0.0833907510233859,"IAL"
"Ia/Id","R",214.0632,0.321930618401207,"IAL"
"Ia/Id","R",214.496,0,"IAL"
"Ia/Id","R",215.0448,0,"IAL"
"Ia/Id","R",215.9384,0,"IAL"
"Ia/Id","R",182.2472,0.204513988448777,"IDD5"
"Ia/Id","R",181.886,0.127113809740203,"IDD5"
"Ia/Id","R",181.664,0.11603805559401,"IDD5"
"Ia/Id","R",181.2192,0.369319461334054,"IDD5"
"Ia/Id","R",180.6008,1,"IDD5"
"Ia/Id","R",180.2552,1,"IDD5"
"Ia/Id","R",179.872,1,"IDD5"
"Ia/Id","R",179.102,0.434443416589578,"IDD5"
"Ia/Id","R",178.3488,0.099114205097368,"IDD5"
"Ia/Id","R",181.694,0.319824341279799,"IDD5"
"Ia/Id","R",181.2208,0.630062437744467,"IDD5"
"Ia/Id","R",180.778,0.468623828098269,"IDD5"
"Ia/Id","R",179.8288,0.725612069217077,"IDD5"
"Ia/Id","R",179.47,0.236509218951608,"IDD5"
"Ia/Id","R",179.1632,1,"IDD5"
"Ia/Id","R",179.288,0.558307058525696,"IDD5"
"Ia/Id","R",178.426,1,"IDM"
"Ia/Id","R",180.296,1,"IDD5"
"Ia/Id","R",185.2728,1,"IDD5"
"Ia/Id","R",186.0032,1,"IDM"
"Ia/Id","R",184.918,0.215203813995276,"IDM"
"Ia/Id","R",184.582,0.446513512561221,"IDM"
"Ia/Id","R",184.1112,1,"IDM"
"Ia/Id","R",185.5872,1,"IDM"
"Ia/Id","R",185.988,1,"IDM"
"Ia/Id","R",182.312,0.0944276633989956,"IDM"
"Ia/Id","R",182.5912,0.312468114366835,"IDM"
"Ia/Id","R",182.362,0.599802982307039,"IDM"
"Ia/Id","R",181.5008,0.845787282905124,"IDM"
"Ia/Id","R",180.49,0.268585739482942,"IDM"
"Ia/Id","R",183.3368,1,"IDD5"
"Ia/Id","R",183.594,0.256454538437789,"IDD5"
"Ia/Id","R",184.6392,0.533227577791336,"IDD5"
"Ia/Id","R",185.1112,1,"IDD5"
"Ia/Id","R",184.5312,0.477150184113624,"IDD5"
"Ia/Id","R",184.348,1,"IDD5"
"Ia/Id","R",184.222,1,"IDM"
"Ia/Id","R",183.4688,0.215657435811237,"IDM"
"Ia/Id","R",182.542,0.523498357145494,"IDM"
"Ia/Id","R",183.202,0.734363900821973,"IDD5"
"Ia/Id","R",180.018,1,"IDM"
"Ia/Id","R",179.3368,1,"IDM"
"Ia/Id","R",179.1952,1,"IDM"
"Ia/Id","R",179.116,0.738396908082675,"IDM"
"Ia/Id","R",181.4848,0.114818342206748,"IDD5"
"Ia/Id","R",183.1048,1,"IDD5"
"Ia/Id","R",184.468,0.183782746377507,"IDD5"
"Ia/Id","R",184.8968,0.65187384860733,"IDD5"
"Ia/Id","R",184.13,1,"IDD5"
"Ia/Id","R",181.772,1,"IDM"
"Ia/Id","R",182.4168,1,"IDM"
"Ia/Id","R",182.2488,1,"IDM"
"Ia/Id","R",180.852,0.568998923573735,"IDM"
"Ia/Id","R",180.8592,1,"IDM"
"Ia/Id","R",179.6528,1,"IDM"
"Ia/Id","R",181.8832,0.48706861162046,"IDM"
"Ia/Id","R",182.8872,1,"IDM"
"Ia/Id","R",181.0968,0.337646709745483,"IDM"
"Ia/Id","R",181.3872,1,"IDM"
"Ia/Id","R",181.034,1,"IDM"
"Ia/Id","R",176.626,0.436936632794301,"IDM"
"Ia/Id","R",181.826,1,"IDM"
"Ia/Id","R",152.656,0,"IDD5"
"Ia/Id","R",151.339,0,"IDD5"
"Ia/Id","R",164.712,0,"IDD5"
"Ia/Id","R",167.47,0,"IDD5"
"Ia/Id","R",208.983,0,"IAL"
"Ia/Id","R",209.9,0,"IAL"
"Ia/Id","R",219.0492,0.278189136045225,"IAL"
"Ia/Id","R",218.8489,0,"IAL"
"Ia/Id","R",220.6792,0,"IAL"
"Ia/Id","R",218.7842,0,"IAL"
"Ia/Id","R",219.9139,0,"IAL"
"Ia/Id","R",217.1767,0,"IAL"
"Ia/Id","R",217.278,0,"IAL"
"Ia/Id","R",218.5447,0,"IAL"
"Ia/Id","R",218.1859,0,"IAL"
"Ia/Id","R",219.3808,0,"IAL"
"Ia/Id","R",211.459,0.155006498152772,"IAL"
"Ia/Id","R",216.7038,0,"IAL"
"Ia/Id","R",219.9862,0,"IAL"
"Ia/Id","R",212.3912,0,"IAL"
"Ia/Id","R",216.6004,0.153439361730048,"IAL"
"Ia/Id","R",216.725,0.367298894713995,"IAL"
"Ia/Id","R",218.2082,0,"IAL"
"Ia/Id","R",218.5304,0,"IAL"
"Ia/Id","R",218.5809,0,"IAL"
"Ia/Id","R",218.9249,0,"IAL"
"Ia/Id","R",151.353,0,"IDD5"
"Ia/Id","R",151.55,0,"IDD5"
"Ia/Id","all",213.8664,0.139824270088941,"IAL"
"Ia/Id","all",213.9036,0,"IAL"
"Ia/Id","all",215.7856,0,"IAL"
"Ia/Id","all",216.6584,0,"IAL"
"Ia/Id","all",216.3672,0,"IAL"
"Ia/Id","all",216.0444,0,"IAL"
"Ia/Id","all",216.3204,0,"IAL"
"Ia/Id","all",215.7388,0,"IAL"
"Ia/Id","all",216.3748,0,"IAL"
"Ia/Id","all",217.6472,0.100668209561409,"IAL"
"Ia/Id","all",217.4992,0,"IAL"
"Ia/Id","all",217.4512,0,"IAL"
"Ia/Id","all",216.86,0,"IAL"
"Ia/Id","all",216.0316,0,"IAL"
"Ia/Id","all",216.1528,0,"IAL"
"Ia/Id","all",216.88,0.127319077467534,"IAL"
"Ia/Id","all",216.5864,0,"IAL"
"Ia/Id","all",215.1964,0,"IAL"
"Ia/Id","all",214.6016,0,"IAL"
"Ia/Id","all",214.9016,0,"IAL"
"Ia/Id","all",215.5436,0,"IAL"
"Ia/Id","all",215.4492,0,"IAL"
"Ia/Id","all",217.4524,0,"IAL"
"Ia/Id","all",217.6764,0,"IAL"
"Ia/Id","all",218.6192,0,"IAL"
"Ia/Id","all",218.7924,0,"IAL"
"Ia/Id","all",217.7156,0,"IAL"
"Ia/Id","all",216.6076,0,"IAL"
"Ia/Id","all",216.4336,0.149098365295712,"IAL"
"Ia/Id","all",214.8928,0.059303313508921,"IAL"
"Ia/Id","all",214.958,0,"IAL"
"Ia/Id","all",216.9168,0,"IAL"
"Ia/Id","all",216.4576,0,"IAL"
"Ia/Id","all",215.7588,0.0522908229330248,"IAL"
"Ia/Id","all",217.0748,0,"IAL"
"Ia/Id","all",216.6168,0,"IAL"
"Ia/Id","all",217.5376,0.384022626426854,"IAL"
"Ia/Id","all",217.1596,0,"IAL"
"Ia/Id","all",216.3524,0.221715253117516,"IAL"
"Ia/Id","all",218.4772,0,"IAL"
"Ia/Id","all",218.0716,0,"IAL"
"Ia/Id","all",218.318,0,"IAL"
"Ia/Id","all",217.5132,0,"IAL"
"Ia/Id","all",214.1356,0,"IAL"
"Ia/Id","all",212.7516,0,"IAL"
"Ia/Id","all",212.2256,0,"IAL"
"Ia/Id","all",213.6328,0,"IAL"
"Ia/Id","all",214.7216,0.509761141792232,"IAL"
"Ia/Id","all",214.982,0,"IAL"
"Ia/Id","all",214.924,0,"IAL"
"Ia/Id","all",215.1468,0,"IAL"
"Ia/Id","all",216.7568,0,"IAL"
"Ia/Id","all",216.354,0,"IAL"
"Ia/Id","all",216.082,0,"IAL"
"Ia/Id","all",215.8128,0,"IAL"
"Ia/Id","all",216.1248,0,"IAL"
"Ia/Id","all",213.3236,0.207915001462131,"IAL"
"Ia/Id","all",213.8368,0.30472677095507,"IAL"
"Ia/Id","all",212.9916,0.311789077212806,"IAL"
"Ia/Id","all",212.3628,0.242385725934098,"IAL"
"Ia/Id","all",213.4904,0.0894204057080896,"IAL"
"Ia/Id","all",213.6072,0,"IAL"
"Ia/Id","all",214.944,0,"IAL"
"Ia/Id","all",214.9556,0,"IAL"
"Ia/Id","all",215.1232,0.271383428846875,"IAL"
"Ia/Id","all",213.8964,0.209232544720138,"IAL"
"Ia/Id","all",213.2964,0.194020461832828,"IAL"
"Ia/Id","all",212.2204,0,"IAL"
"Ia/Id","all",213.4912,0,"IAL"
"Ia/Id","all",216.6936,0,"IAL"
"Ia/Id","all",213.4104,0,"IAL"
"Ia/Id","all",212.5496,0,"IAL"
"Ia/Id","all",213.4304,0,"IAL"
"Ia/Id","all",213.9212,0.360164917806522,"IAL"
"Ia/Id","all",213.6736,0,"IAL"
"Ia/Id","all",214.2172,0,"IAL"
"Ia/Id","all",214.5752,0,"IAL"
"Ia/Id","all",214.9868,0,"IAL"
"Ia/Id","all",217.3644,0,"IAL"
"Ia/Id","all",216.424,0,"IAL"
"Ia/Id","all",214.73,0,"IAL"
"Ia/Id","all",214.2708,0,"IAL"
"Ia/Id","all",213.912,0.182335217847591,"IAL"
"Ia/Id","all",213.1056,0,"IAL"
"Ia/Id","all",213.2528,0,"IAL"
"Ia/Id","all",213.1272,0,"IAL"
"Ia/Id","all",215.4352,0,"IAL"
"Ia/Id","all",213.2748,0,"IAL"
"Ia/Id","all",213.1136,0,"IAL"
"Ia/Id","all",213.5948,0,"IAL"
"Ia/Id","all",213.7896,0.0833907510233859,"IAL"
"Ia/Id","all",214.0632,0.321930618401207,"IAL"
"Ia/Id","all",214.496,0,"IAL"
"Ia/Id","all",215.0448,0,"IAL"
"Ia/Id","all",215.9384,0,"IAL"
"Ia/Id","all",182.2472,0.204513988448777,"IDD5"
"Ia/Id","all",181.886,0.127113809740203,"IDD5"
"Ia/Id","all",181.664,0.11603805559401,"IDD5"
"Ia/Id","all",181.2192,0.369319461334054,"IDD5"
"Ia/Id","all",180.6008,1,"IDD5"
"Ia/Id","all",180.2552,1,"IDD5"
"Ia/Id","all",179.872,1,"IDD5"
"Ia/Id","all",179.102,0.434443416589578,"IDD5"
"Ia/Id","all",178.3488,0.099114205097368,"IDD5"
"Ia/Id","all",181.694,0.319824341279799,"IDD5"
"Ia/Id","all",181.2208,0.630062437744467,"IDD5"
"Ia/Id","all",180.778,0.468623828098269,"IDD5"
"Ia/Id","all",179.8288,0.725612069217077,"IDD5"
"Ia/Id","all",179.47,0.236509218951608,"IDD5"
"Ia/Id","all",179.1632,1,"IDD5"
"Ia/Id","all",179.288,0.558307058525696,"IDD5"
"Ia/Id","all",178.426,1,"IDM"
"Ia/Id","all",180.296,1,"IDD5"
"Ia/Id","all",185.2728,1,"IDD5"
"Ia/Id","all",186.0032,1,"IDM"
"Ia/Id","all",184.918,0.215203813995276,"IDM"
"Ia/Id","all",184.582,0.446513512561221,"IDM"
"Ia/Id","all",184.1112,1,"IDM"
"Ia/Id","all",185.5872,1,"IDM"
"Ia/Id","all",185.988,1,"IDM"
"Ia/Id","all",182.312,0.0944276633989956,"IDM"
"Ia/Id","all",182.5912,0.312468114366835,"IDM"
"Ia/Id","all",182.362,0.599802982307039,"IDM"
"Ia/Id","all",181.5008,0.845787282905124,"IDM"
"Ia/Id","all",180.49,0.268585739482942,"IDM"
"Ia/Id","all",183.3368,1,"IDD5"
"Ia/Id","all",183.594,0.256454538437789,"IDD5"
"Ia/Id","all",184.6392,0.533227577791336,"IDD5"
"Ia/Id","all",185.1112,1,"IDD5"
"Ia/Id","all",184.5312,0.477150184113624,"IDD5"
"Ia/Id","all",184.348,1,"IDD5"
"Ia/Id","all",184.222,1,"IDM"
"Ia/Id","all",183.4688,0.215657435811237,"IDM"
"Ia/Id","all",182.542,0.523498357145494,"IDM"
"Ia/Id","all",183.202,0.734363900821973,"IDD5"
"Ia/Id","all",180.018,1,"IDM"
"Ia/Id","all",179.3368,1,"IDM"
"Ia/Id","all",179.1952,1,"IDM"
"Ia/Id","all",179.116,0.738396908082675,"IDM"
"Ia/Id","all",181.4848,0.114818342206748,"IDD5"
"Ia/Id","all",183.1048,1,"IDD5"
"Ia/Id","all",184.468,0.183782746377507,"IDD5"
"Ia/Id","all",184.8968,0.65187384860733,"IDD5"
"Ia/Id","all",184.13,1,"IDD5"
"Ia/Id","all",181.772,1,"IDM"
"Ia/Id","all",182.4168,1,"IDM"
"Ia/Id","all",182.2488,1,"IDM"
"Ia/Id","all",180.852,0.568998923573735,"IDM"
"Ia/Id","all",180.8592,1,"IDM"
"Ia/Id","all",179.6528,1,"IDM"
"Ia/Id","all",181.8832,0.48706861162046,"IDM"
"Ia/Id","all",182.8872,1,"IDM"
"Ia/Id","all",181.0968,0.337646709745483,"IDM"
"Ia/Id","all",181.3872,1,"IDM"
"Ia/Id","all",181.034,1,"IDM"
"Ia/Id","all",176.626,0.436936632794301,"IDM"
"Ia/Id","all",181.826,1,"IDM"
"Ia/Id","all",171.5592,0.232297849972436,"IDD5"
"Ia/Id","all",170.882,0.123903227561338,"IDD5"
"Ia/Id","all",171.054,0.380836047774159,"IDD5"
"Ia/Id","all",172.3152,0.549365460949293,"IDD5"
"Ia/Id","all",170.44,0.510088747488279,"IDD5"
"Ia/Id","all",170.526,0,"IDD5"
"Ia/Id","all",170.224,0.140517983457465,"IDD5"
"Ia/Id","all",171.226,0.136271842814887,"IDD5"
"Ia/Id","all",172.178,0.064924412588648,"IDD5"
"Ia/Id","all",173.0272,0.0847834258297035,"IDD5"
"Ia/Id","all",173.1072,0.0707175515286211,"IDD5"
"Ia/Id","all",173.23,0.113796823728681,"IDD5"
"Ia/Id","all",173.554,0.346965741725483,"IDD5"
"Ia/Id","all",171.772,0.0307170651015759,"IDD5"
"Ia/Id","all",171.3608,0,"IDD5"
"Ia/Id","all",170.5688,0,"IDD5"
"Ia/Id","all",171.9712,0,"IDD5"
"Ia/Id","all",173.376,0,"IDD5"
"Ia/Id","all",173.088,0,"IDD5"
"Ia/Id","all",170.724,0,"IDD5"
"Ia/Id","all",170.552,0,"IDD5"
"Ia/Id","all",171.866,0,"IDD5"
"Ia/Id","all",173.268,0.0890606872094975,"IDD5"
"Ia/Id","all",173.7648,0.167603303774526,"IDD5"
"Ia/Id","all",173.9288,0.734242338162421,"IDD5"
"Ia/Id","all",173.696,0.253561708024685,"IDD5"
"Ia/Id","all",173.4008,0.291409612386574,"IDD5"
"Ia/Id","all",173.8992,0.354797687861272,"IDD5"
"Ia/Id","all",171.9312,0.256565387939632,"IDD5"
"Ia/Id","all",171.47,0.30453438219322,"IDD5"
"Ia/Id","all",171.0112,0.187381660806059,"IDD5"
"Ia/Id","all",171.564,0.280791936066825,"IDD5"
"Ia/Id","all",171.0688,0.459745961462692,"IDM"
"Ia/Id","all",171.8832,0.363018145781362,"IDM"
"Ia/Id","all",170.6888,1,"IDM"
"Ia/Id","all",170.826,1,"IDM"
"Ia/Id","all",171.1808,1,"IDM"
"Ia/Id","all",171.126,1,"IDM"
"Ia/Id","all",173.104,0.256322204790064,"IDM"
"Ia/Id","all",171.88,0.299462154613236,"IDM"
"Ia/Id","all",172.07,0.168929001203369,"IDM"
"Ia/Id","all",173.2648,0.239857905945606,"IDM"
"Ia/Id","all",173.0568,0.169390438119262,"IDM"
"Ia/Id","all",174.0688,1,"IDM"
"Ia/Id","all",173.468,0.509421464554027,"IDM"
"Ia/Id","all",175.0128,0.0729507844632253,"IDM"
"Ia/Id","all",172.5768,0.421849992326413,"IDM"
"Ia/Id","all",172.8072,0.263009157359854,"IDM"
"Ia/Id","all",172.488,0.46118660255014,"IDM"
"Ia/Id","all",173.9408,1,"IDV"
"Ia/Id","all",173.518,0.16001563146522,"IDV"
"Ia/Id","all",171.212,0.295126205285155,"IDV"
"Ia/Id","all",171.5368,0.468973951851693,"IDM"
"Ia/Id","all",169.778,0.420741758241758,"IDM"
"Ia/Id","all",169.8048,0.592902932714149,"IDM"
"Ia/Id","all",172.1768,0.505419212661525,"IDM"
"Ia/Id","all",172.7768,1,"IDM"
"Ia/Id","all",171.3688,1,"IDM"
"Ia/Id","all",172.6608,0.619263275394674,"IDM"
"Ia/Id","all",173.452,1,"IDM"
"Ia/Id","all",174.5272,0.233576444921252,"IDM"
"Ia/Id","all",172.8328,1,"IDM"
"Ia/Id","all",170.464,0.316125668100639,"IDM"
"Ia/Id","all",169.934,1,"IDM"
"Ia/Id","all",170.114,1,"IDM"
"Ia/Id","all",171.028,0.200745863729146,"IDM"
"Ia/Id","all",173.736,1,"IDM"
"Ia/Id","all",173.158,1,"IDM"
"Ia/Id","all",171.17,1,"IDM"
"Ia/Id","all",170.27,1,"IDM"
"Ia/Id","all",171.472,1,"IDM"
"Ia/Id","all",171.146,0.270711883881651,"IDM"
"Ia/Id","all",173.256,1,"IDM"
"Ia/Id","all",168.864,0.406894228137042,"IDM"
"Ia/Id","all",168.9352,0.577227722772277,"IDM"
"Ia/Id","all",168.4768,0.550458435207824,"IDM"
"Ia/Id","all",169.354,0.587616957375534,"IDD5"
"Ia/Id","all",170.696,0.824746465319417,"IDM"
"Ia/Id","all",171.832,1,"IDM"
"Ia/Id","all",171.0672,0.749758202514694,"IDM"
"Ia/Id","all",211.3912,0.0528985915242535,"IAL"
"Ia/Id","all",210.4168,0,"IAL"
"Ia/Id","all",210.1168,0,"IAPM"
"Ia/Id","all",211.9072,0.0422799748305216,"IAPM"
"Ia/Id","all",210.6632,0.0676403978524465,"IAPM"
"Ia/Id","all",211.118,0,"IAPM"
"Ia/Id","all",212.0196,0.0632086928178102,"IAPM"
"Ia/Id","all",213.6916,0,"IAPM"
"Ia/Id","all",213.7356,0,"IAPM"
"Ia/Id","all",214.7564,0,"IAPM"
"Ia/Id","all",213.5468,0,"IAPM"
"Ia/Id","all",213.5636,0,"IAPM"
"Ia/Id","all",213.0968,0,"IAPM"
"Ia/Id","all",212.2664,0,"IAL"
"Ia/Id","all",211.8712,0,"IAL"
"Ia/Id","all",211.8992,0,"IAL"
"Ia/Id","all",211.3288,0,"IAL"
"Ia/Id","all",211.884,0,"IAL"
"Ia/Id","all",212.5584,0,"IAPM"
"Ia/Id","all",212.4096,0,"IAPM"
"Ia/Id","all",211.998,0,"IAPM"
"Ia/Id","all",210.7472,0,"IAPM"
"Ia/Id","all",211.5472,0,"IAPM"
"Ia/Id","all",152.656,0,"IDD5"
"Ia/Id","all",151.339,0,"IDD5"
"Ia/Id","all",162.881,0,"IDD5"
"Ia/Id","all",164.712,0,"IDD5"
"Ia/Id","all",167.47,0,"IDD5"
"Ia/Id","all",205.632,0,"IAL"
"Ia/Id","all",205.908,0,"IAL"
"Ia/Id","all",203.608,0,"IAL"
"Ia/Id","all",208.983,0,"IAL"
"Ia/Id","all",209.9,0,"IAL"
"Ia/Id","all",190.706,0.494316394842072,"IDM"
"Ia/Id","all",188.714,0.130914892723685,"IDM"
"Ia/Id","all",187.365,0.0890233027024931,"IDM"
"Ia/Id","all",209.919,0.0963463639888611,"IAL"
"Ia/Id","all",209.287,0,"IAL"
"Ia/Id","all",206.676,0.0148295133996437,"IAL"
"Ia/Id","all",205.484,0,"IAL"
"Ia/Id","all",206.506,0.258687258687259,"IAL"
"Ia/Id","all",207.459,0,"IAL"
"Ia/Id","all",208.442,0,"IAL"
"Ia/Id","all",209.073,0,"IAL"
"Ia/Id","all",207.16,0,"IAL"
"Ia/Id","all",208.53,0,"IAL"
"Ia/Id","all",210.3,0,"IAL"
"Ia/Id","all",219.0492,0.278189136045225,"IAL"
"Ia/Id","all",218.8489,0,"IAL"
"Ia/Id","all",220.6792,0,"IAL"
"Ia/Id","all",218.7842,0,"IAL"
"Ia/Id","all",219.9139,0,"IAL"
"Ia/Id","all",217.1767,0,"IAL"
"Ia/Id","all",217.278,0,"IAL"
"Ia/Id","all",218.5447,0,"IAL"
"Ia/Id","all",218.1859,0,"IAL"
"Ia/Id","all",219.3808,0,"IAL"
"Ia/Id","all",211.459,0.155006498152772,"IAL"
"Ia/Id","all",216.7038,0,"IAL"
"Ia/Id","all",219.9862,0,"IAL"
"Ia/Id","all",212.3912,0,"IAL"
"Ia/Id","all",216.6004,0.153439361730048,"IAL"
"Ia/Id","all",216.725,0.367298894713995,"IAL"
"Ia/Id","all",218.2082,0,"IAL"
"Ia/Id","all",218.5304,0,"IAL"
"Ia/Id","all",218.5809,0,"IAL"
"Ia/Id","all",218.9249,0,"IAL"
"Ia/Id","all",151.353,0,"IDD5"
"Ia/Id","all",151.55,0,"IDD5"
